file,num_man_paragraphs,num_woman_paragraphs,num_equal_paragraphs,num_genderless_paragraphs,num_tokens,num_paragraphs
news_10-get-ready-for-a-november-to-remember-inside-octagon-ufc.txt,24,11,0,9,3000,44
news_10-june-schedule-jam-packed-goodness.txt,30,8,0,10,2761,48
news_10-massive-fights-schedule-may.txt,22,16,0,9,2885,47
news_10-memorable-moments-down-under.txt,27,4,0,15,2769,46
news_10-middleweights-biggest-championship-moments.txt,57,0,0,10,3273,67
news_10-most-memorable-ufc-moments-canada.txt,26,4,0,19,2467,49
news_10-new-era-begins-style.txt,39,10,0,4,3147,53
news_10-outstanding-newark-performances-ahead-ufc-316.txt,28,7,0,14,2743,49
news_10-previously-perth-ufc-australia.txt,36,0,0,6,2760,42
news_10-september-standouts-years-gone.txt,31,3,0,21,2879,55
news_10-spotlighting-septembers-most-intriguing-matchups.txt,26,7,0,4,2118,37
news_10-summer-continues-heat-inside-octagon.txt,36,0,0,6,2512,42
news_a-different-derrick-lewis-ufc-324.txt,17,0,0,4,1108,21
news_a-new-kai-asakura-is-ready-to-establish-himself-ufc-319.txt,17,0,0,0,890,17
news_a-wild-couple-of-weeks-for-kyle-prepolec-ufc-315.txt,22,0,0,3,1357,25
news_adam-fugitt-its-go-time-ufc-318.txt,10,0,0,2,748,12
news_adrian-yanez-reloaded-ufc-vegas-111.txt,20,0,0,5,1721,25
news_aiemann-zahabi-offering-a-different-perspectiveufc-315.txt,20,0,0,4,1465,24
news_aiemann-zahabi-out-of-the-shadows-ufc-315.txt,40,0,0,6,2564,46
news_alden-coria-ready-to-seize-dream-opportunity-noche-ufc.txt,10,0,0,1,720,11
news_aleksandre-topuria-look-good-feel-good-play-good-ufc-qatar.txt,19,0,0,7,1589,26
news_alex-morono-pride-and-perspective-ufc-313.txt,16,0,0,4,1418,20
news_alex-pereira-and-the-ascension-to-superstardom-ufc-313-poatan.txt,14,0,0,0,1272,14
news_alex-pereira-stand-and-deliver-ufc-313.txt,31,0,0,8,1712,39
news_alex-pereira-very-excited-ankalaev-matchup-ufc-313.txt,8,0,0,0,434,8
news_alex-perez-grateful-for-the-ride-ufc-qatar.txt,9,0,0,1,626,10
news_alexa-grasso-embracing-every-opportunity-ufc-315.txt,0,14,0,1,822,15
news_alexander-hernandez-feels-like-he-has-nothing-to-lose-noche-ufc.txt,11,0,0,2,939,13
news_alexander-hernandez-resilience-ufc-vegas-104.txt,14,0,0,1,1173,15
news_alexander-volkanovski-great-as-ever-ufc-314.txt,18,0,0,1,1505,19
news_alexander-volkanovski-reclaim-throne-ufc-314.txt,13,0,0,0,947,13
news_alexandre-pantoja-all-time-great-ufc-317.txt,8,0,0,0,613,8
news_alexandre-pantoja-repeat-feat-ufc-317.txt,31,0,0,9,1694,40
news_alexandre-pantoja-viva-las-vegas-ufc-323.txt,24,0,0,2,1629,26
news_alice-ardelean-is-feeling-at-peace-ufc-vegas-107.txt,0,9,0,1,1004,10
news_alice-ardelean-is-planning-her-big-move-ufc-vegas-110.txt,0,17,0,1,1100,18
news_aljamain-sterling-im-still-here-ufc-shanghai.txt,11,0,0,1,935,12
news_all-eyes-on-islam-dulatov-ufc-318.txt,9,0,0,1,497,10
news_allan-nascinmento-ready-to-go-ufc-vegas-107.txt,13,0,0,1,727,14
news_alonzo-menifield-back-at-home-ufc-seattle.txt,20,0,0,2,1155,22
news_amanda-lemos-eyes-prize-noche-ufc.txt,0,21,0,2,789,23
news_amanda-lemos-is-fighting-for-more-than-fame-ufc-313.txt,0,12,0,2,671,14
news_amanda-ribas-confident-and-competitive-ufc-abu-dhabi.txt,0,13,0,1,839,14
news_andre-fili-return-of-the-prodigal-son-ufc-seattle-cejudo-vs-song.txt,18,1,0,11,1429,30
news_andre-petroskis-keeping-momentum-going-philly-ufc-vegas-102.txt,12,0,0,0,785,12
news_andreas-gustafsson-viking-spirit-ufc-vegas-107.txt,15,0,0,4,765,19
news_andrew-tackett-the-whirlwind-year-continues-ufc-bjj-4.txt,27,0,0,10,1914,37
news_angela-hill-the-veteran-stalwart-returns-ufc-fight-night-cannonier-vs-rodrigues.txt,0,24,0,4,1796,28
news_anshul-jubli-is-proudly-flying-the-flag-for-indian-mma-ufc-312.txt,25,0,0,9,1368,34
news_ante-delija-making-waves.txt,16,0,0,3,1008,19
news_anthony-hernandez-brendan-allen-reflect-first-fight-and-rematch-ufc-fight-pass.txt,21,0,0,2,1552,23
news_anthony-hernandez-phone-booth-fighter-ufc-seattle-cejudo-vs-song.txt,24,0,0,12,1489,36
news_anthony-smith-the-final-walk-ufc-kansas-city.txt,23,0,0,1,1824,24
news_arman-tsarukyan-has-gold-on-his-mind-in-doha-ufc-qatar.txt,14,0,0,0,694,14
news_arman-tsarukyan-out-to-cement-top-contender-status-ufc-qatar.txt,23,0,0,3,1369,26
news_asu-almabayev-is-ready-for-his-big-opportunity-ufc-fight-night-kape-vs-almabayev.txt,13,0,0,10,1050,23
news_ateba-gautier-limitless-potential-ufc-mexico.txt,13,0,0,0,686,13
news_ateba-gautier-now-that-i-am-here-everything-is-possibly-ufc-318.txt,23,0,0,14,1867,37
news_austen-lane-has-got-his-good-luck-charm-ufc-vegas-103.txt,11,0,0,3,818,14
news_austin-bashi-believes-in-all-his-work.txt,12,0,0,3,843,15
news_austin-hubbard-back-and-better-ever-ufc-mexico.txt,10,1,0,0,1082,11
news_bantamweight-division-2026-preview.txt,10,0,0,1,816,11
news_bantamweight-legend-dominick-cruz-announces-retirement.txt,32,0,0,3,1789,35
news_belal-muhammad-aiming-to-make-a-statement-ufc-qatar.txt,23,0,0,3,1545,26
news_belal-muhammad-is-working-harder-than-ever-ufc-315.txt,17,0,0,1,1253,18
news_belal-muhammad-welcomes-doubters-ufc-315.txt,19,0,0,4,1759,23
news_beneil-dariush-back-doing-what-he-loves-ufc-317.txt,11,0,0,0,782,11
news_benoit-saint-denis-pressure-is-a-privilege-ufc-paris.txt,19,0,0,5,964,24
news_benoit-saint-denis-the-god-of-war-has-returned-ufc-315.txt,13,1,1,4,911,19
news_best-of-kaseya-center-ufc-314.txt,17,0,0,3,1085,20
news_bigger-picture-ufc-313-pereira-vs-ankalaev.txt,31,2,0,11,2485,44
news_bigger-picture-ufc-314-volkanovski-vs-lopes.txt,29,1,0,13,2504,43
news_bigger-picture-ufc-315-muhammad-vs-della-maddalena.txt,12,6,0,17,2036,35
news_bigger-picture-ufc-316.txt,23,5,0,6,2176,34
news_bigger-picture-ufc-317-topuria-vs-oliveira.txt,32,1,0,12,2454,45
news_bigger-picture-ufc-318-holloway-vs-poirier-3.txt,30,1,0,8,2072,39
news_bigger-picture-ufc-319-du-plessis-vs-chimaev.txt,23,1,0,7,2193,31
news_bigger-picture-ufc-321-aspinall-vs-gane.txt,15,6,0,13,2321,34
news_bigger-picture-ufc-323-dvalishvili-vs-yan-2.txt,17,6,0,10,1960,33
news_bigger-picture-vechain-ufc-322.txt,18,9,0,5,2096,32
news_billy-elekana-opportunity-knocked-ufc-311.txt,17,0,0,8,1192,25
news_billy-ray-goff-it-is-about-focus-ufc-vegas-107.txt,14,0,0,2,1045,16
news_bmf-title-lineage.txt,10,0,0,3,820,13
news_bo-nickal-continuously-improving-ufc-des-moines.txt,15,0,0,2,881,17
news_bo-nickal-dana-whites-contender-series-grad-showcase.txt,10,0,0,2,811,12
news_bogdan-grad-better-than-ever-ufc-qatar.txt,18,0,0,4,814,22
news_bogdan-grad-eager-to-impress-ufc-baku.txt,25,0,0,2,1601,27
news_bogdan-guskov-has-only-one-goal-mind-ufc-abu-dhabi.txt,12,0,0,3,704,15
news_bolaji-oki-comfortable-and-ready-to-climb-ufc-paris.txt,14,0,0,9,1725,23
news_bonfim-brothers-spotlight-fight-night-cannonier-vs-rodrigues.txt,13,0,0,0,689,13
news_bonus-coverage-2025-performance-fight-of-the-night.txt,86,8,0,58,8180,152
news_brandon-moreno-has-found-the-perfect-balance-ufc-mexico.txt,29,0,0,12,1633,41
news_brandon-moreno-still-prime-ufc-323.txt,20,0,0,3,1204,23
news_brandon-royval-i-want-it-all-ufc-317.txt,11,0,0,1,846,12
news_brandon-royval-knows-how-good-he-is-now-ufc-fight-night-royval-vs-kape-vegas-112.txt,19,0,0,0,1436,19
news_brendan-allen-redemption-tour-ufc-seattle-cejudo-vs-song.txt,14,0,0,1,1049,15
news_brian-ortega-always-within-striking-distance-ufc-shanghai.txt,14,0,0,0,976,14
news_bruna-brasil-bring-house-down-ufc-312.txt,0,13,0,1,725,14
news_caio-borralho-all-eyes-title-shot-ufc-paris.txt,13,0,0,2,1085,15
news_caio-borralho-five-fights-watch.txt,19,0,0,0,777,19
news_calvin-kattar-focused-on-the-task-at-hand-ufc-fight-night-cannonier-vs-rodrigues.txt,12,0,0,1,829,13
news_calvin-kattar-we-are-on-to-ufc-nashville.txt,11,0,0,2,828,13
news_cameron-saaiman-a-long-hard-year-ufc-kansas-city.txt,27,0,0,5,2088,32
news_cameron-smotherman-driven-with-fresh-perspective-ufc-des-moines.txt,9,0,0,2,740,11
news_canadian-breakdown-ufc-315-muhammad-vs-della-maddalena.txt,5,1,0,24,738,30
news_carli-judice-louisiana-for-life-ufc-318.txt,0,10,0,2,1069,12
news_carlos-prates-is-just-getting-started-ufc-kansas-city.txt,12,0,0,3,1018,15
news_carlos-prates-plans-to-gatecrash-the-welterweight-title-party-vechain-ufc-322.txt,23,0,0,2,1235,25
news_carlos-ulberg-whatever-takes-ufc-london.txt,12,0,0,1,842,13
news_carlos-ulbergs-winning-streak-light-heavyweight.txt,21,0,0,0,951,21
news_charles-johnson-chasing-something-bigger-ufc-shanghai.txt,21,0,0,1,1345,22
news_charles-johnson-still-has-a-chip-on-his-shoulder-ufc-vegas-103.txt,20,0,0,6,1371,26
news_charles-oliveira-faces-rafael-fiziev-rio-de-janeiro-october-11.txt,3,0,0,1,201,4
news_charles-oliveira-im-going-be-champion-once-again-ufc-317.txt,22,0,0,0,1533,22
news_charles-oliveira-journey-back-to-title-shot-ufc-317.txt,15,0,0,0,1223,15
news_charles-oliveira-open-rematches-against-makhachev-or-holloway.txt,11,0,0,0,777,11
news_chase-hooper-newfound-confidence-ufc-314.txt,17,0,0,5,1116,22
news_chase-hooper-not-done-evolving-ufc-319.txt,10,0,0,0,596,10
news_chicago-prelim-results-du-plessis-chimaev-ufc-319.txt,12,2,1,4,1069,19
news_chidi-njokuani-finding-new-home-welterweight-ufc-nashville.txt,12,0,0,1,710,13
news_chidi-njokuani-is-hitting-his-groove-ufc-vegas-104.txt,21,0,0,10,1027,31
news_chris-curtiss-newfound-confidence-ufc-nashville.txt,9,0,0,4,662,13
news_chris-duncan-aiming-spot-wall-ufc-fight-night-taira-vs-park.txt,23,1,0,1,1606,25
news_chris-duncan-knock-them-down-ufc-323.txt,17,0,0,6,1111,23
news_chris-duncan-scotlands-grateful-warrior-ufc-london.txt,30,0,0,16,1749,46
news_chris-gutierrez-fighting-free-ufc-313-pereira-vs-ankalaev.txt,17,0,0,1,891,18
news_chris-gutierrez-is-not-looking-back-ufc-kansas-city.txt,20,0,0,4,1120,24
news_chris-padilla-blocking-out-the-noise-ufc-fight-night-bonfim-vs-brown.txt,12,0,0,0,835,12
news_christian-leroy-duncan-settled-and-starting-flourish-ufc-vegas-111.txt,17,0,0,6,1479,23
news_cj-vergara-connected-all-dots.txt,10,0,0,1,772,11
news_co-main-event-spotlight-rafael-fiziev-vs-ignacio-bahamondes-ufc-baku.txt,13,0,0,3,1070,16
news_co-main-event-spotlight-ufc-london-blachowicz-ulberg.txt,12,0,0,0,843,12
news_co-main-spotlight-brian-ortega-vs-aljamain-sterling-ufc-shanghai.txt,17,0,0,2,1602,19
news_co-main-spotlight-gaethje-vs-fiziev-ufc-313-pereira-vs-ankalaev.txt,12,0,0,1,980,13
news_co-main-spotlight-ufc-saudi-arabia-michael-venom-page-shara-magomedov.txt,8,0,0,2,610,10
news_coach-conversation-dricus-du-plessis-vs-sean-strickland-2-ufc-312.txt,53,0,0,30,3036,83
news_coach-conversation-merab-dvalishvili-vs-sean-omalley-2.txt,43,0,0,14,2876,57
news_coach-conversation-merab-dvalishvili-vs-umar-nurmagomedov-ufc-311.txt,38,0,0,17,2612,55
news_coach-conversation-ufc-313-pereira-vs-ankalaev.txt,53,1,0,21,2459,75
news_coach-conversation-ufc-315-muhammad-vs-della-maddalena.txt,46,0,0,11,2483,57
news_coach-conversation-ufc-315-shevchenko-vs-fiorot.txt,4,48,0,25,3353,77
news_coach-conversation-ufc-316-pena-vs-harrison.txt,2,42,0,31,2940,75
news_coach-conversation-ufc-317-pantoja-vs-kara-france.txt,32,0,0,16,1962,48
news_coach-conversation-ufc-317-topuria-vs-oliveira.txt,42,0,0,16,1982,58
news_coach-conversation-ufc-318-holloway-vs-poirier-3.txt,42,0,0,31,3323,73
news_coach-conversation-ufc-319-dricus-du-plessis-vs-khamzat-chimaev.txt,34,0,0,16,2135,50
news_coach-conversation-ufc-322-valentina-shevchenko-vs-zhang-weili.txt,0,44,0,16,2572,60
news_coach-conversation-ufc-323-dvalishvili-vs-yan-2.txt,71,0,0,31,4577,102
news_coach-conversation-vechain-ufc-322-della-maddalena-vs-makhachev.txt,39,0,0,20,2503,59
news_coach-conversation-volkanovski-lopes-main-event-ufc-314.txt,53,0,0,15,2697,68
news_coach-conversation-zhang-weili-vs-tatiana-suarez-ufc-312.txt,2,29,0,16,2219,47
news_coach-convo-pantoja-vs-van-co-main-ufc-323.txt,47,1,0,18,2933,66
news_coach-khabib-spotlight-ufc-311-islam-makhachev-umar-nurmagomedov-tagir-ulanbekov.txt,12,0,0,1,710,13
news_cody-brundage-enjoying-process-ufc-atlanta.txt,16,0,0,2,1335,18
news_cody-brundage-needed-reset-ufc-vegas-103-co-main-event.txt,11,0,1,1,1570,13
news_cody-garbrandt-trusted-the-process-ufc-atlanta.txt,10,0,0,1,870,11
news_cody-gibson-classroom-octagon-ufc-vegas-104.txt,13,0,0,2,1000,15
news_cody-haddon-allow-me-to-re-introduce-myself-ufc-322.txt,30,0,0,8,2444,38
news_colby-thicknesses-moment-has-arrived-ufc-312-sydney.txt,11,0,0,2,863,13
news_conor-mcgregor-vs-nate-diaz-iconic-ufc-rivalries.txt,12,0,0,3,1100,15
news_cory-sandhagen-the-time-is-now-ufc-des-moines.txt,19,0,0,1,1339,20
news_court-mcgee-return-crusher-ufc-atlanta.txt,23,0,0,4,1568,27
news_cubas-latest-star-ernesto-rodriguez.txt,12,0,0,2,604,14
news_curtis-blaydes-adding-legacy-ufc-baku.txt,14,0,0,1,903,15
news_curtis-blaydes-i-wouldnt-want-me-as-a-debut-ufc-313.txt,17,0,0,0,983,17
news_dan-hooker-big-game-hunting-ufc-qatar-lightweight.txt,15,0,0,2,1244,17
news_dan-ige-is-looking-to-add-another-name-his-resume-ufc-318.txt,12,0,0,0,779,12
news_dan-ige-living-moment-ufc-314.txt,11,0,0,2,949,13
news_dana-whites-contender-series-alumni-competing-ufc-312.txt,19,2,0,3,972,24
news_dana-whites-contender-series-season-9-week-1-preview.txt,16,0,0,5,1314,21
news_daniel-barez-everything-coming-together-ufc-vegas-104.txt,21,0,0,4,1254,25
news_daniel-rodriguez-the-ride-continues-ufc-des-moines.txt,25,0,0,3,1522,28
news_daniel-zellhuber-age-just-number-ufc-318.txt,14,0,0,0,1030,14
news_danny-barlow-relentless-by-nature-ufc-fight-night-kape-vs-almabayev.txt,11,0,0,2,1047,13
news_danny-silva-hopes-earn-respect-ufc-fight-night-taira-vs-park.txt,9,0,0,2,669,11
news_darren-elkins-knows-who-he-is-ufc-314.txt,26,0,0,9,2026,35
news_davey-grant-hungry-for-more-ufc-vegas-105.txt,11,1,0,1,1390,13
news_davey-grant-im-going-there-knock-him-out-ufc-abu-dhabi.txt,11,0,0,2,829,13
news_david-onama-excited-but-also-expected-vegas-110.txt,21,0,0,4,1646,25
news_deiveson-figueiredo-wants-to-make-history-ufc-des-moines.txt,14,0,0,2,851,16
news_derrick-lewis-levels-game-ufc-fight-night-nashville.txt,25,0,0,3,1055,28
news_diana-belbita-im-not-a-fragile-girl-anymore-ufc-vegas-105.txt,3,19,0,17,1650,39
news_diego-lopes-dream-believe-and-make-it-happen-ufc-314.txt,12,0,0,3,959,15
news_diego-lopes-knows-he-is-a-high-level-fighter-noche-ufc.txt,13,0,0,1,818,14
news_dione-barbosa-putting-pieces-together-ufc-vegas-105.txt,0,13,0,0,741,13
news_dominick-reyes-never-lost-faith-ufc-314.txt,16,0,0,3,1132,19
news_dominick-reyes-returning-to-form-ufc-314.txt,9,0,0,1,716,10
news_donte-johnson-clocking-in-ufc-vegas-110.txt,25,0,0,3,1834,28
news_drakkar-klose-does-not-want-to-have-any-regrets-ufc-319.txt,15,0,0,2,1330,17
news_drew-dober-is-always-chasing-the-moment-ufc-mexico.txt,22,0,0,9,1042,31
news_dricus-du-plessis-biggest-dog-yard-ufc-312.txt,25,0,0,7,2109,32
news_dricus-du-plessis-new-era-middleweight-ufc-319.txt,11,0,0,0,575,11
news_dricus-du-plessis-theres-no-man-that-can-break-me-ufc-319.txt,19,0,0,1,1260,20
news_dues-paid-jasmine-jasudavicius-set-sights-top.txt,0,12,0,1,769,13
news_dusko-todorovic-is-refreshed-recovered-and-ready-to-go-ufc-vegas-107.txt,18,0,0,9,1144,27
news_dustin-jacoby-stays-focused-on-what-he-can-control-ufc-vegas-107.txt,14,0,0,2,1295,16
news_dustin-poirier-diamond-last-dance-bmf-ufc-318.txt,26,1,0,8,1726,35
news_dustin-stoltzfus-embracing-the-grind-ufc-fight-night-burns-vs-morales.txt,9,0,0,2,813,11
news_dustin-stoltzfus-its-now-or-never-noche-ufc.txt,19,0,0,6,1728,25
news_dwcs-alumni-set-shine-baku-ufc-fight-night-hill-vs-rountree-jr.txt,10,0,0,1,824,11
news_dylan-budka-hitting-restart-ufc-fight-night-cannonier-vs-rodrigues.txt,15,0,0,6,1222,21
news_edgar-chairez-from-tepito-to-the-octagon-ufc-mexico.txt,6,0,0,3,348,9
news_edgar-chairez-is-picking-up-momentum.txt,12,0,0,2,827,14
news_edmen-shahbazyan-eager-to-shine-brighter-than-ever-ufc-atlanta.txt,13,0,0,0,852,13
news_edson-barboza-looking-for-a-war-like-always-ufc-319.txt,17,0,0,3,1218,20
news_elijah-smith-aims-continue-his-momentum.txt,11,0,0,0,1099,11
news_elijah-smith-poised-for-the-spotlight-ufc-fight-night-cannonier-vs-rodrigues-dana-whites-contender-series.txt,15,1,0,2,1806,18
news_eric-mcconico-the-grind-never-stops-ufc-seattle.txt,10,0,0,0,691,10
news_erin-blanchfield-flyweight-future-main-event-ufc-vegas-107.txt,1,18,0,1,1040,20
news_erin-blanchfield-wants-to-make-the-most-of-her-chances-vechain-ufc-322.txt,0,12,0,0,950,12
news_eryk-anders-I%27%27m-just-focused-ufc-fight-night-dolidze-vs-hernandez.txt,13,0,0,3,1025,16
news_esteban-ribovics-i-just-love-fighting-ufc-fight-night-kape-vs-almabayev.txt,13,0,0,2,771,15
news_evan-elder-trades-hustle-culture-for-greater-focus-ufc-kansas-city.txt,23,0,0,8,2210,31
news_every-ilia-topuria-ufc-finish.txt,17,0,0,0,929,17
news_fan-events-schedule-ufc-312-du-plessis-vs-strickland-2-sydney-press-conference-ceremonial-weigh-ins.txt,0,0,0,21,402,21
news_fan-events-schedule-ufc-313-pereira-vs-ankalaev-las-vegas-press-conference-ceremonial-weigh-ins.txt,0,0,0,14,247,14
news_fan-events-schedule-ufc-314-volkanovski-vs-lopes-press-conference-ceremonial-weigh-ins-fan-experience-miami.txt,0,0,0,18,341,18
news_fan-events-schedule-ufc-315-muhammad-vs-della-maddalena-press-conference-ceremonial-weigh-ins-montreal.txt,1,0,0,14,260,15
news_fan-events-schedule-ufc-316-dvalishvili-vs-omalley-2-press-conference-ceremonial-weigh-ins.txt,0,0,0,18,317,18
news_fan-events-schedule-ufc-317-topuria-vs-oliveira-press-conference-ceremonial-weigh-ins-hall-of-fame-ufc-x.txt,1,0,0,28,760,29
news_fares-ziam-growing-serious-threat-ufc-323-lightweight.txt,19,0,0,3,1219,22
news_fares-ziam-repeat-feat-ufc-saudi-arabia.txt,20,0,0,3,768,23
news_fatima-kline-im-going-run-through-the-division-ufc-nashville.txt,1,10,0,2,1308,13
news_fatima-kline-wants-keep-making-memories-ufc-322-new-york-city.txt,1,23,0,4,1968,28
news_featherweight-division-2026-preview.txt,11,0,0,1,745,12
news_featherweight-to-lightweight-fighters-who-thrived-moving-up-oliveira-poirier-holloway-mcgregor.txt,9,0,0,3,870,12
news_fight-by-fight-preview-imavov-borralho-ufc-paris.txt,36,2,0,6,2213,44
news_fight-by-fight-preview-lewis-teixeira-ufc-nashville.txt,32,4,0,8,2214,44
news_fight-by-fight-preview-ufc-311-makhachev-vs-moicano.txt,34,2,0,10,2440,46
news_fight-by-fight-preview-ufc-314-volkanovski-vs-lopes.txt,32,4,0,9,2257,45
news_fight-by-fight-preview-ufc-315-muhammad-vs-della-maddalena.txt,25,11,0,8,2122,44
news_fight-by-fight-preview-ufc-317-topuria-vs-oliveira.txt,35,2,0,9,2438,46
news_fight-by-fight-preview-ufc-319-du-plessis-vs-chimaev.txt,30,4,0,10,2487,44
news_fight-by-fight-preview-ufc-321-aspinall-vs-gane-abu-dhabi.txt,31,6,2,3,2419,42
news_fight-by-fight-preview-ufc-fight-night-burns-vs-morales.txt,32,6,0,8,2259,46
news_fight-by-fight-preview-ufc-fight-night-cannonier-vs-rodrigues.txt,34,4,0,7,2520,45
news_fight-by-fight-preview-ufc-fight-night-garcia-vs-onama.txt,25,6,0,10,2071,41
news_fight-by-fight-preview-ufc-fight-night-hill-vs-rountree-jr.txt,31,4,0,10,2127,45
news_fight-by-fight-preview-ufc-fight-night-kape-vs-almabayev.txt,28,3,0,9,2225,40
news_fight-by-fight-preview-ufc-fight-night-machado-garry-vs-prates.txt,39,4,0,6,2510,49
news_fight-by-fight-preview-ufc-fight-night-sandhagen-vs-figueiredo.txt,25,8,0,11,2298,44
news_fight-by-fight-preview-ufc-fight-night-tsarukyan-vs-hooker-doha-qatar.txt,42,0,0,7,2520,49
news_fight-by-fight-preview-ufc-fight-night-vettori-vs-dolidze-2.txt,31,6,0,5,2120,42
news_fight-by-fight-preview-ufc-mexico-moreno-vs-erceg.txt,39,2,0,7,2438,48
news_fight-by-fight-preview-ufc-saudi-arabia-adesanya-vs-imavov.txt,39,3,0,8,2037,50
news_fight-fight-preview-noche-ufc-lopes-vs-silva.txt,34,5,0,7,2439,46
news_fight-fight-preview-ufc-312-du-plessis-vs-strickland-2.txt,29,7,1,9,2449,46
news_fight-fight-preview-ufc-313-pereira-vs-ankalaev.txt,32,3,0,6,2267,41
news_fight-fight-preview-ufc-318-holloway-vs-poirier-3.txt,38,2,0,7,2132,47
news_fight-fight-preview-ufc-323-dvalishvili-vs-yan-2.txt,38,2,0,6,2579,46
news_fight-fight-preview-ufc-abu-dhabi-whittaker-vs-reinier-de-ridder.txt,34,2,0,5,1967,41
news_fight-fight-preview-ufc-atlanta-usman-vs-buckley.txt,33,5,0,7,2350,45
news_fight-fight-preview-ufc-fight-night-blanchfield-vs-barber-vegas-107.txt,23,9,0,9,2110,41
news_fight-fight-preview-ufc-fight-night-bonfim-vs-brown-vegas-111.txt,31,4,0,11,2322,46
news_fight-fight-preview-ufc-fight-night-emmett-vs-murphy-ufc-vegas-105.txt,29,6,0,10,2121,45
news_fight-fight-preview-ufc-fight-night-london-edwards-vs-brady.txt,32,6,0,8,2399,46
news_fight-fight-preview-ufc-fight-night-royval-vs-kape-vegas-112.txt,32,6,0,9,2421,47
news_fight-fight-preview-ufc-fight-night-taira-vs-park-vegas-108.txt,27,5,0,10,1972,42
news_fight-fight-preview-ufc-seattle-cejudo-vs-song.txt,36,0,0,7,2249,43
news_fight-fight-preview-ufc-shanghai-walker-vs-zhang.txt,34,0,0,8,1943,42
news_fight-results-ufc-fight-night-dolidze-vs-hernandez.txt,29,9,0,2,2261,40
news_fighter-spotlight-mauricio-ruffy-ufc-paris.txt,8,0,0,1,674,9
news_fighters-2025-half-year-awards.txt,15,0,0,1,1002,16
news_fighters-2025-ufccom-awards.txt,24,4,1,1,2000,30
news_fighters-discuss-ufc-performance-institutes-key-role-in-ufc-mexico-prep.txt,10,0,0,4,707,14
news_fighters-on-rise-nolan-park-jenkins-ufc-312.txt,17,0,0,2,1300,19
news_fighters-on-rise-nyc-vechain-ufc-322.txt,10,5,0,5,1386,20
news_fighters-on-rise-ufc-vegas-105-lookboonmee-nzechukwu-gurule.txt,12,6,0,2,1435,20
news_fighters-on-the-rise-ufc-314-volkanovski-vs-lopes-jean-silva-sean-woodson-marco-tulio.txt,19,0,0,2,1525,21
news_fighters-on-the-rise-ufc-315-muhammad-vs-della-maddalena.txt,13,5,0,5,1474,23
news_fighters-on-the-rise-ufc-318-holloway-vs-poirier-3.txt,17,0,0,7,1670,24
news_fighters-on-the-rise-ufc-319-du-plessis-vs-chimaev.txt,18,0,0,3,1816,21
news_fighters-on-the-rise-ufc-323.txt,16,0,0,4,1459,20
news_fighters-on-the-rise-ufc-atlanta-abdul-malik-sy-wellmaker.txt,19,0,0,2,1605,21
news_fighters-on-the-rise-ufc-baku-bahamondes-sadykhov-elliott.txt,17,0,0,3,1381,20
news_fighters-on-the-rise-ufc-fight-night-bonfim-vs-brown-morales-tulio-cavalcanti.txt,11,7,0,3,1729,21
news_fighters-on-the-rise-ufc-fight-night-london-2025.txt,24,0,0,2,1800,26
news_fighters-on-the-rise-ufc-fight-night-royval-vs-kape-vallejos-amosov-oleksiejczuk.txt,17,1,0,2,1447,20
news_fighters-on-the-rise-ufc-fight-night-sandhagen-vs-figueiredo.txt,18,0,0,3,1422,21
news_fighters-on-the-rise-ufc-fight-night-taira-vs-park.txt,16,0,0,4,1319,20
news_fighters-on-the-rise-ufc-mexico.txt,21,0,0,0,1586,21
news_fighters-on-the-rise-ufc-paris-ruffy-keita-ruchala.txt,17,0,0,5,1551,22
news_fighters-on-the-rise-ufc-seattle-anthony-hernandez-jean-silva-mansur-abdul-malik.txt,20,0,0,4,1792,24
news_fighters-on-the-rise-ufc-shanghai-walker-vs-zhang.txt,19,0,0,5,1634,24
news_fighters-on-the-rise-ufc-vegas-103.txt,15,0,1,6,1563,22
news_fighters-rise-ufc-311-makhachev-vs-tsarkukyan-2-talbott-nakamura-carpenter.txt,19,0,0,6,1613,25
news_fighters-rise-ufc-313-pereira-vs-ankalaev-kuniev-santos-lucindo.txt,11,7,0,5,1544,23
news_fighters-rise-ufc-316-dvalishvili-vs-omalley-2.txt,22,0,0,2,1599,24
news_fighters-rise-ufc-abu-dhabi-ufc-fight-night-whittaker-vs-de-ridder.txt,16,0,0,3,1300,19
news_fighters-rise-ufc-fight-night-blanchfield-vs-barber.txt,10,6,0,4,1290,20
news_fighters-rise-ufc-fight-night-burns-vs-morales-vegas-106.txt,15,0,0,3,1371,18
news_fighters-rise-ufc-fight-night-cannonier-vs-rodrigues.txt,6,10,0,5,1654,21
news_fighters-rise-ufc-fight-night-garcia-vs-onama-delija-nascimento-dumont.txt,10,5,0,2,1449,17
news_fighters-rise-ufc-fight-night-lewis-vs-teixeira-ufc-nashville.txt,10,5,0,7,1499,22
news_fighters-rise-ufc-fight-night-vettori-vs-dolidze-2.txt,12,4,1,3,1445,20
news_fighters-rise-ufc-kc-amorim-zhang-onama.txt,14,4,0,2,1376,20
news_fighters-rise-ufc-qatar-riley-horiguchi-almakhan.txt,15,0,0,4,1488,19
news_fighters-rise-ufc-saudi-arabia-oliveira-ziam-jasudavicius.txt,12,6,0,5,1636,23
news_fighting-nerds-aiming-even-higher-pablo-sucupira-caio-borralho.txt,13,1,0,3,1815,17
news_fighting-nerds-spotlight.txt,6,0,0,2,577,8
news_fights-2025-half-year-awards.txt,19,0,0,3,1224,22
news_five-fighters-whove-thrived-moving-up-a-weight-division-ufc.txt,17,0,0,1,1207,18
news_five-jack-della-maddalena-fights-watch.txt,13,0,0,0,692,13
news_five-kevin-holland-fights-watch.txt,14,0,0,0,766,14
news_five-khamzat-chimaev-fights-to-watch-ufc-fight-pass.txt,21,0,0,0,1222,21
news_five-reasons-watch-ufc-316-dvalishvili-vs-omalley-2.txt,10,2,0,3,1442,15
news_five-robert-whittaker-fights-watch.txt,8,0,0,0,730,8
news_five-umar-nurmagomedov-fights-to-watch-ufc-fight-pass.txt,7,0,0,1,463,8
news_fluffy-hernandez-keeps-moving-forward.txt,20,0,0,5,1347,25
news_flyweights-in-the-spotlight-in-montreal-ufc-315-muhammad-vs-della-maddalena.txt,0,10,0,0,794,10
news_flyweights-step-spotlight-ufc-317.txt,8,0,0,2,819,10
news_focused-nathaniel-wood-primed-shine-home-ufc-london.txt,22,3,0,5,1845,30
news_francis-marshall-ready-for-his-breakthrough-moment-ufc-313.txt,18,0,0,2,1379,20
news_gabe-green-gods-plan-ufc-vegas-106.txt,22,0,1,4,1663,27
news_gabriel-bonfim-aims-to-leave-no-doubt.txt,10,0,0,3,709,13
news_gabriel-bonfim-fighting-solo-ufc-nashville.txt,22,1,0,1,1290,24
news_gabriel-bonfim-leveled-up-legend-ufc-vegas-111.txt,19,0,0,4,1043,23
news_gauge-young-expect-a-calculated-individual-ufc-kansas-city.txt,13,0,0,1,897,14
news_gauge-youngs-gangster-pants-ufc-shanghai.txt,11,0,0,0,870,11
news_geoff-neal-ready-to-scratch-that-itch-ufc-319.txt,22,0,0,7,1550,29
news_gerald-meerschaert-ready-make-history-ufc-vegas-105.txt,14,0,0,1,724,15
news_get-know-marcus-mcghee-ufc-abu-dhabi.txt,7,0,0,9,303,16
news_get-know-patchy-mix.txt,7,0,0,18,943,25
news_get-ready-for-summer-2025-ufc-fight-pass-topuria-oliveira-holloway-poirier-du-plessis-chimaev-pantoja-kara-france.txt,19,0,0,2,1249,21
news_get-to-know-aaron-pico.txt,3,0,0,9,181,12
news_get-to-know-tallison-teixeira-ufc-nashville.txt,3,0,0,9,260,12
news_giga-chikadze-class-session-ufc-vegas-112.txt,17,0,0,8,1235,25
news_giga-chikadze-wants-to-kickstart-charge-to-georgia-third-title-ufc-kansas-city.txt,22,0,0,9,1315,31
news_gilbert-burns-deliver-timely-reminder-ufc-vegas-106.txt,24,0,0,2,1240,26
news_gillian-robertson-aiming-to-be-undeniable-ufc-vegas-112.txt,1,19,0,3,1356,23
news_gillian-robertson-has-found-her-new-home-ufc-des-moines.txt,1,12,0,3,978,16
news_grant-dawson-big-game-hunting-ufc-323.txt,21,0,0,1,1189,22
news_grant-dawson-very-good-year-ufc-311.txt,14,0,0,0,1097,14
news_gregory-rodrigues-break-middleweight-pack-ufc-fight-night-vegas-102.txt,22,0,0,4,1206,26
news_gregory-rodrigues-discipline-over-everything-vechain-ufc-322.txt,12,0,0,1,790,13
news_gunnar-nelson-back-he-never-left-ufc-london.txt,9,0,0,1,649,10
news_henry-cejudo-everything-stake-ufc-seattle-main-event.txt,23,0,0,11,1993,34
news_henry-cejudo-triple-c-last-dance-ufc-323.txt,21,0,0,15,1600,36
news_history-of-title-fights-in-newark-jon-jones-aldo-gsp-sterling-makhachev.txt,14,1,0,1,947,16
news_homefield-advantage-imavov-bsd-sy-gomis-sola-ufc-paris.txt,5,0,0,21,821,26
news_homefield-advantage-ufc-318-holloway-vs-poirier-3.txt,8,2,0,9,673,19
news_homefield-advantage-ufc-baku.txt,8,0,0,9,576,17
news_homefield-advantage-ufc-mexico-moreno-torres-godinez.txt,17,3,0,17,979,37
news_humble-kevin-vallejos-proud-argentinian-ufc-vegas-108.txt,20,0,0,4,1436,24
news_hyder-amil-couldnt-be-more-excited-ufc-317.txt,11,0,0,4,1442,15
news_hyder-amil-has-his-foot-gas-ufc-vegas-103.txt,9,0,0,1,783,10
news_hyunsung-park-focused-on-making-most-main-event-opportunity-vegas-108.txt,17,0,0,2,1103,19
news_hyunsung-park-rtu-ufc-vegas-106.txt,17,0,0,1,1213,18
news_ian-machado-garry-short-notice-risk-taker-ufc-kansas-city.txt,8,0,0,0,598,8
news_ian-machado-garry-wants-to-be-undeniable-ufc-qatar.txt,23,0,0,0,1130,23
news_iasmin-lucindo-letting-flow-ufc-313.txt,0,13,0,1,853,14
news_ignacio-bahamondes-is-ready-for-the-spotlight-ufc-baku.txt,13,0,0,3,906,16
news_ilia-topuria-shackles-off-ufc-317.txt,26,0,0,7,1528,33
news_islam-dulatov-no-pressure-only-excitement-ufc-318.txt,21,0,0,7,1502,28
news_islam-makhachev-and-zhang-weili-chasing-new-heights-vechain-ufc-322.txt,3,4,0,2,573,9
news_islam-makhachev-new-talent-same-energy-vechain-ufc-322.txt,29,0,0,2,1539,31
news_islam-makhachev-wants-to-eliminate-all-doubt-ufc-311.txt,31,0,0,2,1429,33
news_israel-adesanya-i-am-still-here-saudi-arabia.txt,17,0,0,2,958,19
news_ivana-petrovic-best-performance-ufc-des-moines.txt,1,11,0,1,1106,13
news_jack-della-maddalena-calm-storm-ufc-315.txt,15,0,0,1,1067,16
news_jack-della-maddalena-journey-title-shot-ufc-315.txt,16,0,0,0,1009,16
news_jack-della-maddalena-the-grateful-underdog-vechain-ufc-322.txt,21,0,0,9,1462,30
news_jack-hermansson-wades-into-new-waters-ufc-qatar.txt,17,0,0,7,1633,24
news_jack-jenkins-is-ready-to-play-a-starring-role-ufc-312.txt,17,0,0,9,1299,26
news_jacqueline-cavalcanti-dark-horse-ufc-vegas-111.txt,0,21,0,3,1315,24
news_jacqueline-cavalcanti-ready-anywhere-anytime-ufc-vegas-102.txt,0,11,0,1,699,12
news_jailton-almeida-three-step-plan-fighting-ufc-gold-ufc-311.txt,18,0,0,2,1095,20
news_jairzinho-rozenstruik-calm-storm-ufc-saudi-arabia.txt,24,0,0,8,1697,32
news_jake-matthews-a-new-era-starts-now-ufc-312.txt,10,0,0,1,833,11
news_jamahal-hill-eager-to-get-back-to-dominant-ways-ufc-311.txt,16,0,0,3,964,19
news_jamahal-hill-return-to-dominance-ufc-baku.txt,17,0,0,2,1119,19
news_jamal-pogues-less-chaos-more-faith-ufc-saudi-arabia.txt,11,0,0,3,1163,14
news_jamey-lyn-horth-seeks-redemption-ufc-atlanta.txt,0,13,0,0,1280,13
news_jan-blachowicz-dont-sleep-polish-power-ufc-323.txt,19,0,0,5,955,24
news_jan-blachowicz-embraces-the-pressure-to-perform-ufc-london.txt,16,0,0,1,998,17
news_jaqueline-amorim-always-looking-for-a-finish-ufc-kansas-city.txt,1,13,0,2,648,16
news_jared-cannonier-defend-then-advance-ufc-319.txt,20,0,0,3,1050,23
news_jared-cannonier-first-succeed-ufc-fight-night-vegas-102.txt,17,0,0,6,882,23
news_jared-gordon-feeling-free-ufc-fight-night-vegas-102.txt,18,5,1,3,1611,27
news_jared-gordon-living-a-better-life-ufc-vegas-106.txt,18,0,0,2,1363,20
news_jasmine-jasudavicius-canadian-bulldog-returns-ufc-saudi-arabia.txt,1,24,0,4,1912,29
news_jasmine-jasudavicius-sacrificing-for-glory-ufc-315.txt,1,12,0,2,1432,15
news_javid-basharat-snow-leopard-returns-ufc-seattle.txt,28,0,0,4,1773,32
news_jean-silva-a-man-on-a-roll-ufc-seattle-cejudo-vs-song.txt,14,0,0,1,757,15
news_jean-silva-i-am-the-next-champion-noche-ufc.txt,12,0,0,3,968,15
news_jean-silva-journey-to-main-event-noche-ufc-san-antonio.txt,13,0,0,0,791,13
news_jean-silva-lord-knows-whats-going-to-happen-ufc-314.txt,17,0,0,3,1079,20
news_jeka-saragih-embracing-grind.txt,19,0,0,5,1070,24
news_jeremy-stephens-remember-this-guy-ufc-des-moines.txt,7,0,0,2,656,9
news_jeremy-stephens-returning-home.txt,18,0,0,2,1176,20
news_jim-miller-wouldnt-have-it-any-other-way-ufc-314.txt,23,0,0,8,1898,31
news_jimmy-crute-back-and-better-than-ever-ufc-312.txt,18,0,0,2,1143,20
news_jimmy-crute-is-back-his-best-ufc-318.txt,11,0,0,2,758,13
news_jimmy-flick-has-goals-to-achieve-ufc-kansas-city.txt,24,0,0,5,1586,29
news_jiri-prochazka-belief-himself-ufc-311.txt,10,0,0,1,740,11
news_joanderson-brito-devil-is-in-the-details-ufc-vegas-105.txt,23,0,0,2,1262,25
news_joaquin-buckley-my-chapter-ufc-atlanta.txt,13,0,0,1,1098,14
news_joaquin-buckley-win-streak-has-him-close-title-contention.txt,15,0,0,1,1151,16
news_joe-pyfer-cant-wait-test-gastelums-chin.txt,13,0,0,0,956,13
news_joe-pyfer-stepping-challenge-ufc-mexico-middleweight.txt,14,0,0,0,987,14
news_john-castaneda-motivated-and-ready-to-go-ufc-fight-night-kape-vs-almabayev.txt,8,0,0,2,856,10
news_johnny-walker-experience-everything-ufc-fight-night-shanghai.txt,14,0,0,0,888,14
news_jordan-leavitt-gets-serious.txt,23,0,0,8,1793,31
news_jordan-leavitt-loves-the-uncertainty-of-fighting-ufc-vegas-107.txt,8,0,0,0,817,8
news_jordan-vucenic-keep-on-keeping-on-ufc-london.txt,18,0,0,9,1504,27
news_jose-aldo-is-aging-like-fine-wine-ufc-315.txt,16,0,0,15,1462,31
news_jose-aldo-retirement-long-live-king-rio.txt,32,0,0,3,1703,35
news_joseph-morales-all-way-back-ufc-vegas-111-flyweight.txt,17,0,0,5,1423,22
news_joseph-morales-just-about-back-where-he-belongs-ufc-319.txt,20,0,0,6,1687,26
news_josh-emmett-hopes-deliver-rude-awakening-ufc-vegas-105.txt,12,0,0,0,765,12
news_joshua-van-enjoying-each-moment-ufc-313-flyweight.txt,10,0,0,5,663,15
news_joshua-van-keeping-things-simple.txt,14,0,0,2,839,16
news_joshua-van-time-to-complete-the-takeover-ufc-323.txt,19,0,0,5,1485,24
news_journey-trilogy-max-holloway-vs-dustin-poirier-ufc-318.txt,9,0,0,0,721,9
news_julian-erosa-all-about-fighting-and-winning-ufc-vegas-106.txt,10,0,0,2,1087,12
news_julian-erosa-cool-and-calculated-ufc-314.txt,9,0,0,1,986,10
news_julian-marquezs-undeniable-love-for-mma-ufc-fight-night-kape-vs-almabayev.txt,14,0,0,3,1715,17
news_julianna-pena-and-legacy-two-time-womens-champions.txt,0,13,0,0,736,13
news_julianna-pena-ready-adversity-ufc-316.txt,1,23,0,2,3272,26
news_julius-walker-a-new-journey-begins-ufc-seattle.txt,14,0,0,4,1082,18
news_junyong-park-hungry-for-more-ufc-321.txt,22,0,0,0,1360,22
news_justin-gaethje-ready-to-go-again-ufc-313-pereira-vs-ankalaev.txt,12,0,0,0,1081,12
news_justin-tafa-back-for-more-ufc-312.txt,12,0,0,0,732,12
news_kai-kara-france-ready-to-take-on-the-world-ufc-317.txt,20,0,0,1,1687,21
news_kamaru-usman-be-careful-what-you-wish-ufc-atlanta.txt,24,0,0,6,1769,30
news_kamaru-usman-dont-count-him-out-ufc-atlanta.txt,14,0,0,3,1360,17
news_karine-silva-road-forward-ufc-319.txt,1,7,1,2,667,11
news_kayla-harrison-cant-ignore-me-ufc-316-newark.txt,0,15,0,3,1009,18
news_kayla-harrison-is-just-getting-started-bantamweight-champion.txt,0,8,0,3,706,11
news_kayla-harrisons-quest-greatness-ufc-316.txt,0,10,0,0,731,10
news_kelvin-gastelum-aiming-for-vintage-performance-at-noche-ufc.txt,19,0,0,3,1607,22
news_kelvin-gastelum-bringing-different-punch-ufc-316-newark.txt,14,0,0,1,899,15
news_kelvin-gastelum-the-middleweight-mission-begins-anew-ufc-mexico.txt,15,0,0,5,1236,20
news_kennedy-nzechukwu-balancing-faith-and-fighting-ufc-vegas-112.txt,25,0,0,6,1364,31
news_kennedy-nzechukwu-eyeing-a-finish-in-brilliant-fashion-ufc-vegas-105.txt,10,0,0,3,884,13
news_ketlen-souza-eyes-redemption-ufc-vegas-108.txt,0,17,0,3,819,20
news_ketlen-souza-hothead-hot-hand-ufc-vegas-102.txt,0,18,0,4,777,22
news_ketlen-vieira-ready-claim-title-ufc-vegas-110.txt,0,26,0,6,1406,32
news_kevin-holland-chasing-history-ufc-311.txt,21,0,0,2,1474,23
news_kevin-vallejos-ready-to-wrap-up-year-one-ufc-vegas-112.txt,19,0,0,5,1373,24
news_khalil-rountree-on-new-level-ufc-baku.txt,20,0,0,6,1362,26
news_khamzat-chimaev-journey-to-title-shot-ufc-319.txt,9,0,0,0,694,9
news_khamzat-chimaev-the-time-is-now-ufc-319.txt,12,0,0,1,753,13
news_khaos-williams-has-statement-make-ufc-316-newark.txt,9,0,0,3,972,12
news_khaos-williams-ready-to-crack-the-code-ufc-fight-night-cannonier-vs-rodrigues.txt,13,0,0,3,1064,16
news_king-green-one-of-a-kind-ufc-vegas-112.txt,20,0,0,7,1505,27
news_king-green-story-continues-ufc-313.txt,21,0,0,6,1486,27
news_knockouts-2025-ufccom-awards.txt,21,0,0,10,1714,31
news_kody-steele-is-here-to-entertain-ufc-312.txt,10,0,0,2,1143,12
news_kurt-holobaugh-persistence-pays-off-ufc-vegas-104.txt,23,0,0,6,1724,29
news_kyle-daukaus-darce-knight-returns.txt,24,0,1,3,2041,28
news_kyle-daukaus-seconds-vechain-ufc-322.txt,20,2,0,3,1516,25
news_kyoji-horiguchi-one-step-at-a-time-ufc-qatar.txt,26,0,0,2,1344,28
news_last-time-in-chicago.txt,11,4,0,2,1303,17
news_last-time-in-kansas-city.txt,14,0,0,1,837,15
news_last-time-in-nashville.txt,10,2,0,0,623,12
news_last-time-in-seattle.txt,12,0,0,2,684,14
news_last-time-new-orleans-ufc-318.txt,10,0,0,0,725,10
news_last-time-paris-moicano-vs-saint-denis.txt,9,0,0,2,864,11
news_last-time-saudi-arabia.txt,2,0,0,0,129,2
news_lauren-murphy-i-am-really-proud-of-my-career-ufc-nashville.txt,0,14,0,5,1401,19
news_leon-edwards-career-highlights.txt,29,0,0,0,942,29
news_leon-edwards-its-payback-time-ufc-london.txt,20,0,0,9,1179,29
news_leon-edwards-ready-steady-go-vechain-ufc-322.txt,24,0,0,9,1617,33
news_lerone-murphy-by-any-means-neccessary-ufc-319.txt,22,0,0,3,992,25
news_lerone-murphy-is-ready-to-earn-his-title-shot-ufc-vegas-105.txt,29,0,0,10,1358,39
news_lerone-murphy-takes-eight-fight-win-streak-ufc-319.txt,9,0,0,0,759,9
news_lightweight-division-2026-preview.txt,9,0,0,2,847,11
news_lima-amil-van-fighters-on-rise-ufc-317.txt,24,0,0,2,1577,26
news_live-results-official-scorecards-match-recaps-interviews-canelo-vs-crawford-las-vegas.txt,27,0,0,2,2225,29
news_loma-lookboonmee-turning-dreams-reality-ufc-vegas-105.txt,1,12,0,1,780,14
news_loneer-kavanagh-ready-kick-things-gear-ufc-shanghai-flyweight.txt,13,0,0,3,750,16
news_loopy-godinez-homecoming-ufc-mexico.txt,0,11,0,1,784,12
news_loopy-godinez-i-feel-i-have-improved-ufc-319.txt,0,17,0,1,983,18
news_louis-jourdain-ready-stand-alongside-his-big-brother-again-dana-white-contender-series.txt,19,0,0,6,1659,25
news_luana-santos-vegas-vibes.txt,0,20,0,8,1402,28
news_luis-gurule-im-future-title-contender-noche-ufc.txt,9,0,0,2,946,11
news_luis-gurule-power-intention-ufc-vegas-105.txt,14,0,0,1,1211,15
news_macy-chiasson-feels-everything-coming-together-ufc-vegas-107.txt,0,18,0,0,1401,18
news_magomed-ankalaev-has-the-light-heavyweight-summit-in-sight-ufc-313.txt,21,0,0,8,1156,29
news_magomed-ankalaevs-long-and-winding-road-top-ufc-313.txt,28,0,0,3,1363,31
news_main-card-live-results-fight-recaps-highlights-winner-backstage-interviews-noche-ufc-lopes-vs-silva.txt,20,0,0,2,1216,22
news_main-card-live-results-fight-recaps-highlights-winner-interviews-ufc-fight-night-imavov-vs-borralho-paris.txt,14,0,0,3,1140,17
news_main-card-live-results-highlights-winner-interviews-recaps-ufc-fight-night-walker-vs-zhang-shanghai.txt,13,0,0,3,915,16
news_main-card-results-highlights-winner-interviews-ufc-311-makhachev-vs-moicano-los-angeles.txt,12,0,0,4,795,16
news_main-card-results-highlights-winner-interviews-ufc-312-du-plessis-vs-strickland-2-sydney.txt,9,2,0,2,876,13
news_main-card-results-highlights-winner-interviews-ufc-313-pereira-vs-ankalaev-t-mobile-arena-las-vegas.txt,11,1,1,5,1063,18
news_main-card-results-highlights-winner-interviews-ufc-314-volkanovski-vs-lopes-kaseya-center-miami.txt,11,0,0,4,866,15
news_main-card-results-highlights-winner-interviews-ufc-315-muhammad-vs-della-maddalena-montreal.txt,10,4,1,3,1117,18
news_main-card-results-highlights-winner-interviews-ufc-316-dvalishvili-vs-omalley-2-newark.txt,11,1,0,2,881,14
news_main-card-results-highlights-winner-interviews-ufc-317-topuria-vs-oliveira.txt,14,0,0,2,917,16
news_main-card-results-highlights-winner-interviews-ufc-318-holloway-vs-poirier-3-new-orleans.txt,13,0,0,4,971,17
news_main-card-results-highlights-winner-interviews-ufc-319-du-plessis-vs-chimaev-chicago.txt,13,0,0,3,861,16
news_main-card-results-highlights-winner-interviews-ufc-fight-night-adesanya-vs-imavov-saudi-arabia.txt,14,0,0,1,947,15
news_main-card-results-highlights-winner-interviews-ufc-fight-night-blanchfield-vs-barber-apex-ufc-tonight.txt,9,3,0,2,801,14
news_main-card-results-highlights-winner-interviews-ufc-fight-night-burns-vs-morales-apex-las-vegas.txt,9,0,0,3,775,12
news_main-card-results-highlights-winner-interviews-ufc-fight-night-cannonier-vs-rodrigues-las-vegas.txt,5,0,0,1,178,6
news_main-card-results-highlights-winner-interviews-ufc-fight-night-cejudo-vs-song-seattle.txt,8,0,0,4,857,12
news_main-card-results-highlights-winner-interviews-ufc-fight-night-dern-vs-ribas-2.txt,11,3,0,4,993,18
news_main-card-results-highlights-winner-interviews-ufc-fight-night-edwards-vs-brady-o2-arena-london.txt,14,2,0,4,1167,20
news_main-card-results-highlights-winner-interviews-ufc-fight-night-emmett-vs-murphy-apex-las-vegas.txt,12,0,0,3,550,15
news_main-card-results-highlights-winner-interviews-ufc-fight-night-hill-vs-rountree-jr-baku.txt,20,0,0,1,1040,21
news_main-card-results-highlights-winner-interviews-ufc-fight-night-kape-vs-almabayev-apex-las-vegas.txt,14,0,0,1,925,15
news_main-card-results-highlights-winner-interviews-ufc-fight-night-lewis-vs-teixeira-nashville.txt,14,0,0,2,977,16
news_main-card-results-highlights-winner-interviews-ufc-fight-night-machado-garry-vs-prates-t-mobile-center-kansas-city.txt,15,0,0,3,1206,18
news_main-card-results-highlights-winner-interviews-ufc-fight-night-moreno-vs-erceg-mexico-city.txt,15,0,0,2,1071,17
news_main-card-results-highlights-winner-interviews-ufc-fight-night-sandhagen-vs-figueiredo-wells-fargo-arena-des-moines.txt,14,0,0,2,1120,16
news_main-card-results-highlights-winner-interviews-ufc-fight-night-taira-vs-park-apex-las-vegas.txt,9,2,0,1,823,12
news_main-card-results-highlights-winner-interviews-ufc-fight-night-usman-vs-buckley-ufc-tonight-atlanta.txt,12,1,0,5,1135,18
news_main-card-results-highlights-winner-interviews-ufc-fight-night-vettori-vs-dolidze-2-apex-las-vegas.txt,11,0,0,4,601,15
news_main-card-results-highlights-winner-interviews-ufc-fight-night-whittaker-vs-de-ridder-abu-dhabi.txt,6,0,0,4,391,10
news_main-card-results-ufc-323-dvalishvili-vs-yan-2-event-tonight-recaps-highlights-interviews.txt,14,0,0,1,868,15
news_main-card-results-ufc-fight-night-royval-vs-kape-event-tonight-recaps-highlights-interviews.txt,3,0,0,2,242,5
news_main-card-results-vechain-ufc-322-della-maddalena-vs-makhachev-event-tonight-recaps-highlights-interviews.txt,7,3,0,2,719,12
news_main-event-spotlight-arman-tsarukyan-vs-dan-hooker-ufc-qatar.txt,11,0,0,1,842,12
news_main-event-spotlight-emmett-murphy-ufc-vegas-105.txt,10,0,0,1,850,11
news_main-event-spotlight-machado-garry-vs-prates-ufc-kansas-city.txt,12,0,0,2,1101,14
news_main-event-spotlight-tatsuro-taira-vs-hyunsung-park.txt,9,0,0,1,710,10
news_main-event-spotlight-ufc-fight-night-blanchfield-vs-barber.txt,0,13,0,0,849,13
news_main-event-spotlight-ufc-fight-night-cannonier-vs-rodrigues-vegas-102.txt,15,0,0,3,1302,18
news_mairon-santos-dreams-come-true-ufc-313.txt,10,0,0,1,676,11
news_major-flyweight-stretch-in-march-kape-almabayev-moreno-erceg.txt,9,0,0,1,1028,10
news_makhachev-dvalishvili-prochazka-ufc-311-bigger-picture.txt,26,1,0,11,2116,38
news_malcolm-wellmaker-built-ground-bantamweight-ufc-322.txt,12,0,0,5,1160,17
news_malcolm-wellmaker-is-here-to-stay-ufc-atlanta.txt,16,0,0,5,1195,21
news_malcolm-wellmaker-making-name-for-himself-ufc-kansas-city.txt,13,0,0,2,1373,15
news_malcolm-wellmaker-the-genuine-article-vechain-ufc-322.txt,27,0,0,10,2148,37
news_manel-kape-made-for-five-rounds-ufc-fight-night-kape-vs-almabayev.txt,25,0,0,6,1189,31
news_manel-kape-out-make-his-championship-case-flyweight-ufc-vegas-112.txt,13,0,0,5,1132,18
news_manon-fiorot-journey-to-the-title-shot-ufc-315.txt,0,12,0,1,808,13
news_manon-fiorot-sees-everything-coming-together-ufc-315.txt,0,12,0,0,708,12
news_mansur-abdul-malik-dana-whites-contender-series-grad-showcase-ufc-atlanta.txt,11,0,0,4,806,15
news_mansur-abdul-malik-humble-thoughtful-dangerous.txt,23,0,0,5,1671,28
news_mansur-abdul-malik-smooth-operator-ufc-atlanta.txt,23,0,0,7,1538,30
news_manuel-torres-fight-first-party-later-ufc-mexico.txt,16,0,0,7,1407,23
news_marc-andre-barriault-aims-keep-momentum-rolling-ufc-abu-dhabi.txt,21,0,0,7,1638,28
news_marcus-buchecha-has-arrived-ufc-abu-dhabi.txt,25,0,0,3,1735,28
news_marcus-buchecha-i-felt-lot-pressure-ufc-vegas-112.txt,16,0,0,5,1328,21
news_marcus-mcghee-chasing-life.txt,13,0,0,5,1297,18
news_mario-bautista-sticks-guns-ufc-316-dvalishvili-vs-omalley-2.txt,13,0,0,1,1042,14
news_mario-pinto-wise-beyond-his-years-ufc-vegas-103.txt,26,0,0,6,1939,32
news_marion-santos-learning-every-fight-ufc-vegas-106.txt,9,2,1,0,947,12
news_marquel-mederos-getting-comfortable-ufc-vegas-107.txt,19,0,0,7,1490,26
news_marquel-mederos-ready-to-perform-ufc-mexico.txt,11,0,0,0,1021,11
news_marvin-vettori-all-ufc-318.txt,14,0,0,6,917,20
news_marvin-vettori-feels-like-his-best-days-are-ahead-ufc-vegas-104.txt,12,0,0,2,881,14
news_mason-jones-take-two-ufc-des-moines.txt,34,0,0,3,2191,37
news_mason-jones-this-is-the-dream-ufc-paris.txt,12,0,0,1,793,13
news_massive-middleweight-stretch-starts-saturday-night.txt,9,0,0,2,954,11
news_matchup-spotlight-elves-brener-vs-esteban-ribovics.txt,9,0,0,1,683,10
news_matchup-spotlight-geoff-neal-vs-carlos-prates-ufc-319.txt,10,0,0,4,878,14
news_matchup-spotlight-joshua-van-vs-bruno-silva-ufc-316.txt,13,0,0,2,1056,15
news_matchup-spotlight-namajunas-vs-maverick-ufc-atlanta.txt,0,14,0,0,1029,14
news_matchup-spotlight-nate-landwehr-vs-morgan-charriere-ufc-nashville.txt,0,0,0,1,0,1
news_matchup-to-watch-marina-rodriguez-vs-gillian-robertson-ufc-des-moines.txt,0,9,0,0,631,9
news_matchup-to-watch-van-vs-tsuruya-ufc-313.txt,10,0,0,1,580,11
news_matchup-to-watch-vieira-chiasson-ufc-vegas-107.txt,0,9,0,1,821,10
news_matchup-to-watch-yan-xiaonan-vs-virna-jandiroba-ufc-314.txt,0,9,0,1,560,10
news_matchup-watch-wood-vs-charriere-ufc-london.txt,10,0,0,4,711,14
news_mateus-camilo-hunger-dream-ufc-vegas-106.txt,16,1,1,0,1010,18
news_mateusz-gamrot-happy-be-back-ufc-vegas-107.txt,22,0,0,6,1695,28
news_mateusz-rebecki-picking-where-he-left-off-ufc-fight-night-taira-vs-park.txt,14,0,0,2,779,16
news_matt-schnell-honest-excited-and-dangerous-ufc-fight-night-bonfim-vs-brown.txt,22,0,0,3,1838,25
news_mauricio-ruffy-i-came-to-be-the-champ-ufc-313.txt,10,0,0,6,928,16
news_mauricio-ruffy-knows-how-to-deliver-fireworks-ufc-paris.txt,11,0,0,2,817,13
news_max-griffin-back-basics-ufc-nashville.txt,8,0,0,3,771,11
news_max-holloway-it-is-all-about-moments-ufc-318.txt,17,0,0,1,1135,18
news_maycee-barber-all-systems-go-ufc-fight-night-blanchfield-vs-barber.txt,0,15,0,2,926,17
news_maycee-barber-been-too-long-ufc-323.txt,0,27,0,7,1652,34
news_mayra-bueno-silva-confident-in-the-face-of-adversity-ufc-fight-night-bonfim-vs-brown.txt,0,17,0,3,1049,20
news_melissa-croden-patience-pays-ufc-vegas-112.txt,4,12,0,5,1223,21
news_melissa-martinez-is-committed-to-the-game-ufc-nashville.txt,1,9,1,2,737,13
news_melissa-mullins-nervous-excitement-ufc-baku.txt,0,20,0,9,1734,29
news_merab-dvalishvili-character-bantamweight-ufc-316.txt,7,0,0,1,599,8
news_merab-dvalishvili-focused-today-already-thinking-about-tomorrow.txt,20,0,0,7,1410,27
news_merab-dvalishvili-ready-for-the-rematch-ufc-316-newark.txt,21,0,0,3,1463,24
news_merab-dvalishvili-ufc-beloved-respected-determined-ufc-311.txt,17,0,0,6,1080,23
news_miami-hosts-key-featherweight-fights-could-reshape-division-ufc-314.txt,13,0,0,5,921,18
news_michael-chandler-expect-the-spectacular-ufc-314.txt,15,0,0,1,1037,16
news_michael-chiesa-life-forged-ultimate-fighter-ufc-atlanta.txt,41,0,0,8,3407,49
news_michael-johnson-the-climb-continues-ufc-318.txt,12,1,0,2,776,15
news_michael-morales-championship-ready-vechain-ufc-322.txt,15,0,0,3,989,18
news_michael-morales-journey-to-his-first-main-event.txt,14,0,0,0,793,14
news_michael-morales-ready-showcase-spotlight-ufc-vegas-106-welterweight.txt,11,0,0,1,985,12
news_michael-venom-page-get-ready-for-a-different-mvp-ufc-319.txt,21,0,0,9,1619,30
news_michael-venom-page-this-one-is-for-the-fans-saudi-arabia.txt,15,0,0,10,1024,25
news_michal-oleksiejczuk-fighting-nerds-new-exchange-student-ufc-319.txt,19,0,2,5,1487,26
news_mick-parkin-making-most-every-walk-ufc-london.txt,9,0,0,4,971,13
news_middleweight-division-takes-center-stage-february.txt,10,0,0,4,1374,14
news_miesha-tate-feels-like-she-is-better-than-ever-ufc-des-moines.txt,1,28,0,12,1943,41
news_mike-davis-better-than-the-setbacks-ufc-saudi-arabia.txt,18,0,0,2,917,20
news_miranda-maverick-cleared-for-take-off-ufc-atlanta.txt,0,19,0,0,1137,19
news_modestas-bukauskas-always-believed-in-himself-ufc-paris.txt,12,0,0,3,1408,15
news_modestas-bukauskas-i-just-need-to-prove-myself-ufc-seattle.txt,13,0,0,4,1178,17
news_modestas-bukauskas-poised-and-prepared-ufc-315.txt,15,0,0,1,1454,16
news_mohammed-usman-finding-comfort-in-chaos-ufc-baku.txt,10,0,0,2,860,12
news_molly-mccann-embraces-adversity-as-part-of-her-story-ufc-london.txt,2,24,1,3,1791,30
news_montel-jackson-is-not-here-to-waste-time-ufc-des-moines.txt,9,0,0,1,661,10
news_monthly-report-april-2025.txt,21,1,0,10,1877,32
news_monthly-report-august-2025.txt,18,0,1,9,1450,28
news_monthly-report-february-2025-ufc-312-seattle-saudi.txt,19,0,0,7,1419,26
news_monthly-report-january-2025.txt,12,10,0,7,1540,29
news_monthly-report-june-2025.txt,22,0,0,5,1460,27
news_monthly-report-march-2025.txt,14,10,0,8,1859,32
news_monthly-report-may-2025.txt,20,9,2,10,2559,41
news_monthly-report-october-2025-ufc-jourdain-oliveira-salkilld-dober.txt,20,0,1,4,1592,25
news_more-mature-mike-malott-eager-impress-montreal-ufc-315.txt,25,0,0,7,2057,32
news_morgan-charriere-always-brings-excitement-ufc-vegas-112.txt,18,0,0,4,1494,22
news_morgan-charriere-patience-is-key-for-the-last-pirate-ufc-london.txt,10,0,0,2,1451,12
news_most-shocking-knockouts-in-ufc-history-conor-mcgregor-jorge-masvidal-rose-namajunas-leon-edwards-israel-adesanya.txt,7,1,0,4,913,12
news_nasrat-haqparast-hitting-my-prime-ufc-fight-night-kape-vs-almabayev.txt,10,0,0,2,724,12
news_nassourdine-imavov-hoping-capitalize-big-2024-ufc-saudi-arabia.txt,12,0,0,0,944,12
news_nassourdine-imavov-its-about-myself-middleweight-ufc.txt,13,0,0,1,880,14
news_nassourdine-imavov-sees-all-his-risks-paying-ufc-saudi-arabia.txt,15,0,0,0,966,15
news_natalia-silva-small-town-girl-looking-conquer-world-ufc-315-flyweight.txt,1,18,0,3,876,22
news_nate-landwehr-train-comes-home-ufc-nashville.txt,11,0,0,1,803,12
news_nathan-fletcher-one-step-time-ufc-vegas-108.txt,22,0,0,11,1555,33
news_navajo-stirling-radiates-confidence-ufc-315-light-heavyweight.txt,11,0,0,2,892,13
news_nazim-sadykhov-black-wolf-returns-ufc-baku.txt,19,0,0,7,1805,26
news_nazim-sadykhov-enjoy-the-show-baku.txt,9,0,0,2,1085,11
news_nazim-sadykhov-the-hard-work-starts-now-ufc-323.txt,22,0,0,9,1844,31
news_neil-magny-still-doing-neil-magny-things-ufc-vegas-112.txt,18,0,0,1,1172,19
news_new-chapter-begins-vitor-petrino-ufc-nashville.txt,18,0,0,8,1335,26
news_newcomers-2025-half-year-awards.txt,6,0,0,1,626,7
news_newcomers-2025-ufccom-awards.txt,13,1,0,6,1265,20
news_nick-klein-getting-everything-he-hopes-ufc-seattle-cejudo-vs-song.txt,18,1,0,0,1737,19
news_nick-klein-i-belong-here.txt,10,0,0,2,1370,12
news_nicolas-dalby-danish-dynamite-still-explosive-at-40-ufc-kansas-city.txt,13,0,0,5,760,18
news_nicolas-dalby-experience-is-key-ufc-qatar.txt,17,0,0,6,1245,23
news_nikolas-motta-ready-wherever-whenever-ufc-baku.txt,11,0,0,4,782,15
news_norma-dumont-done-waiting-around-ufc-fight-night-garcia-vs-onama.txt,2,17,0,4,1272,23
news_oban-elliott-staying-moment-ufc-baku.txt,13,0,0,2,1095,15
news_ode-osbourne-a-new-chapter-is-just-beginning-ufc-vegas-105.txt,12,0,0,2,900,14
news_one-step-time-damon-blackshear-ufc-vegas-104.txt,9,0,0,4,715,13
news_oumar-sy-focused-on-moving-forward-ufc-paris.txt,18,0,0,4,1183,22
news_our-favorite-dustin-poirier-moments-ufc-318.txt,26,1,0,1,2202,28
news_paddy-pimblett-living-up-to-the-hype-ufc-314.txt,8,0,0,1,834,9
news_paddy-pimblett-ready-to-join-the-lightweight-elite-ufc-314.txt,35,0,0,6,1818,41
news_pat-sabatini-in-the-moment-ufc-vegas-105.txt,20,0,0,3,1342,23
news_patchy-mix-20-here-take-over-ufc-316-dvalishvili-vs-omalley-2.txt,24,0,0,9,1470,33
news_patchy-mix-eager-to-prove-his-bantamweight-supremacy-ufc-316.txt,16,0,1,4,1224,21
news_patricio-pitbull-freire-claims-new-featherweight-king-has-arrived-ufc-314.txt,12,0,0,1,651,13
news_patricio-pitbull-motivated-for-more-ufc-314.txt,10,0,0,5,986,15
news_patricio-pitbull-ready-to-find-a-rhythm-ufc-paris.txt,19,0,0,0,1225,19
news_paul-craig-back-with-a-vengeance-ufc-fight-night-burns-vs-morales.txt,15,0,0,2,1129,17
news_paul-craig-bounce-back-jump-queue-ufc-paris.txt,24,0,0,6,1610,30
news_payton-talbott-keeps-taking-chances-bantamweight-ufc-323.txt,17,0,0,3,1222,20
news_payton-talbott-nobodys-expectations-are-higher-than-mine-ufc-311.txt,14,0,0,1,861,15
news_petr-yan-aiming-to-secure-championship-opportunity-ufc-abu-dhabi.txt,20,0,0,3,1290,23
news_petr-yans-chance-to-rewrite-the-story-ufc-323.txt,12,0,0,0,713,12
news_phil-rowe-tired-of-fighting-himself-ufc-vegas-110.txt,22,0,0,3,1747,25
news_polyana-viana-the-best-is-yet-to-come-ufc-kansas-city.txt,0,7,0,2,581,9
news_prelim-live-results-fight-recaps-highlights-winner-backstage-interviews-noche-ufc-lopes-vs-silva.txt,17,6,0,3,1435,26
news_prelim-live-results-fight-recaps-highlights-winner-interviews-ufc-fight-night-imavov-vs-borralho-paris.txt,7,2,1,5,884,15
news_prelim-live-results-highlights-winner-interviews-recaps-ufc-fight-night-walker-vs-zhang-shanghai.txt,16,0,0,4,1005,20
news_prelim-results-highlights-winner-interviews-ufc-311-makhachev-vs-moicano-los-angeles.txt,13,2,0,4,1149,19
news_prelim-results-highlights-winner-interviews-ufc-312-du-plessis-vs-strickland-2-sydney.txt,12,2,0,5,1112,19
news_prelim-results-highlights-winner-interviews-ufc-313-pereira-vs-ankalaev-t-mobile-arena-las-vegas.txt,10,0,0,3,858,13
news_prelim-results-highlights-winner-interviews-ufc-314-volkanovski-vs-lopes-kaseya-center-miami.txt,12,5,0,3,1243,20
news_prelim-results-highlights-winner-interviews-ufc-315-muhammad-vs-della-maddalena-montreal.txt,10,1,3,3,918,17
news_prelim-results-highlights-winner-interviews-ufc-316-dvalishvili-vs-omalley-2-newark.txt,15,2,0,3,1235,20
news_prelim-results-highlights-winner-interviews-ufc-317-topuria-vs-oliveira.txt,8,3,0,3,869,14
news_prelim-results-highlights-winner-interviews-ufc-318-holloway-vs-poirier-3-new-orleans.txt,14,2,0,3,1182,19
news_prelim-results-highlights-winner-interviews-ufc-fight-night-adesanya-vs-imavov-saudi-arabia.txt,9,2,0,3,957,14
news_prelim-results-highlights-winner-interviews-ufc-fight-night-blanchfield-vs-barber-apex-ufc-tonight.txt,8,1,0,3,785,12
news_prelim-results-highlights-winner-interviews-ufc-fight-night-burns-vs-morales-apex-las-vegas.txt,8,7,0,2,1116,17
news_prelim-results-highlights-winner-interviews-ufc-fight-night-cannonier-vs-rodrigues-las-vegas.txt,5,3,0,2,318,10
news_prelim-results-highlights-winner-interviews-ufc-fight-night-cejudo-vs-song-seattle.txt,10,0,0,5,789,15
news_prelim-results-highlights-winner-interviews-ufc-fight-night-dern-vs-ribas-2.txt,11,4,0,3,1139,18
news_prelim-results-highlights-winner-interviews-ufc-fight-night-edwards-vs-brady-o2-arena-london.txt,14,2,0,2,1168,18
news_prelim-results-highlights-winner-interviews-ufc-fight-night-emmett-vs-murphy-apex-las-vegas.txt,5,4,1,1,513,11
news_prelim-results-highlights-winner-interviews-ufc-fight-night-hill-vs-rountree-jr-baku.txt,11,6,1,4,955,22
news_prelim-results-highlights-winner-interviews-ufc-fight-night-kape-vs-almabayev-apex-las-vegas.txt,8,3,0,2,810,13
news_prelim-results-highlights-winner-interviews-ufc-fight-night-lewis-vs-teixeira-nashville.txt,10,4,0,3,1008,17
news_prelim-results-highlights-winner-interviews-ufc-fight-night-machado-garry-vs-prates-t-mobile-center-kansas-city.txt,12,4,0,4,1237,20
news_prelim-results-highlights-winner-interviews-ufc-fight-night-moreno-vs-erceg-mexico-city.txt,10,2,1,2,1011,15
news_prelim-results-highlights-winner-interviews-ufc-fight-night-sandhagen-vs-figueiredo-wells-fargo-arena-des-moines.txt,5,8,0,2,991,15
news_prelim-results-highlights-winner-interviews-ufc-fight-night-taira-vs-park-apex-las-vegas.txt,12,2,0,2,1069,16
news_prelim-results-highlights-winner-interviews-ufc-fight-night-usman-vs-buckley-ufc-tonight-atlanta.txt,11,2,0,3,917,16
news_prelim-results-highlights-winner-interviews-ufc-fight-night-vettori-vs-dolidze-2-apex-las-vegas.txt,7,3,0,1,441,11
news_prelim-results-highlights-winner-interviews-ufc-fight-night-whittaker-vs-de-ridder-abu-dhabi.txt,7,0,0,1,293,8
news_prelim-results-ufc-323-dvalishvili-vs-yan-2-event-tonight-recaps-highlights-interviews.txt,17,3,0,2,1329,22
news_prelim-results-ufc-fight-night-royval-vs-kape-event-tonight-recaps-highlights-interviews.txt,3,2,0,2,416,7
news_prelim-results-vechain-ufc-322-della-maddalena-vs-makhachev-event-tonight-recaps-highlights-interviews.txt,4,0,0,1,318,5
news_prospect-to-watch-jean-silva-ufc-fight-night-cejudo-vs-song.txt,10,0,0,0,595,10
news_prospect-to-watch-jhonata-diniz-ufc-317.txt,12,0,0,0,718,12
news_prospect-to-watch-myktybek-orolbai-ufc-qatar.txt,9,0,0,1,654,10
news_prospect-to-watch-sam-patterson-ufc-paris.txt,9,0,0,0,648,9
news_prospect-watch-vinicius-oliveira-ufc-318.txt,9,0,0,1,662,10
news_prospect-watch-vinicius-oliveira-ufc-saudi-arabia.txt,9,0,0,1,541,10
news_prospects-to-watch-esteban-ribovics-hyder-amil.txt,9,0,0,2,563,11
news_public-fan-events-schedule-ufc-311-makhachev-vs-tsarukyan-2-los-angeles.txt,0,0,0,14,309,14
news_quillan-salkilld-hungry-build-memorable-debut.txt,12,0,0,2,900,14
news_rafa-garcia-aims-for-statement-finish-in-mexico-city-ufc-fight-night-moreno-vs-erceg.txt,10,0,0,2,619,12
news_rafael-fiziev-chasing-redemption-on-home-soil-ufc-baku.txt,11,0,0,2,814,13
news_rafael-fiziev-no-camp-no-problem-ufc-313-pereira-vs-ankalaev.txt,13,0,0,1,911,14
news_ramiz-brahimaj-ready-to-dominate-ufc-vegas-107.txt,13,0,0,4,844,17
news_randy-brown-bringing-the-show-ufc-kansas-city.txt,12,0,0,0,886,12
news_randy-brown-rudeboy-eyeing-place-rankings.txt,24,0,0,5,1669,29
news_randy-brown-something-bigger-ufc-fight-night-vegas-111.txt,20,0,0,3,1553,23
news_raoni-barcelos-eyeing-another-big-win-ufc-atlanta.txt,19,0,0,3,1280,22
news_raul-rosas-jr-has-plans-for-2025-ufc-mexico.txt,21,0,0,4,1475,25
news_rebuilding-sergei-pavlovich-ready-show-his-level-ufc-shanghai.txt,17,0,0,2,1119,19
news_rei-tsuruya-big-opportunity-flyweight-standout-ufc-313.txt,20,0,0,1,1211,21
news_reinier-de-ridder-dutch-knight-continues-rise-des-moines.txt,30,0,0,4,1365,34
news_reinier-de-ridder-is-coming-for-the-finish-ufc-abu-dhabi.txt,15,0,0,2,936,17
news_reinier-de-ridder-on-the-hunt-ufc-311.txt,11,0,0,0,663,11
news_reinier-de-ridders-road-to-his-first-ufc-main-event-abu-dhabi.txt,11,0,0,2,700,13
news_rematch-timeline-alexandre-pantoja-vs-kai-kara-france-ufc-317.txt,18,0,0,2,1639,20
news_rematch-timeline-dricus-du-plessis-vs-sean-strickland-2-ufc-312.txt,8,0,0,1,463,9
news_renato-moicano-i-cant-afford-to-lose-ufc-311.txt,10,0,0,0,721,10
news_renato-moicano-wants-money-and-respect.txt,19,0,0,3,1183,22
news_representing-mexico-noche-ufc-lopes-vs-silva-san-antonio.txt,5,1,0,21,863,27
news_ricky-simon-the-rebound-year-ufc-fight-night-bonfim-vs-brown.txt,15,0,0,4,1072,19
news_ricky-simons-homecoming-ufc-seattle.txt,13,0,0,3,861,16
news_rinya-nakamura-it-is-my-destiny-ufc-311.txt,30,0,0,8,1334,38
news_rizvan-kuniev-only-one-goal-ufc-baku.txt,21,1,0,3,1551,25
news_road-to-ufc-best-finishes.txt,4,1,0,4,544,9
news_rob-font-is-ready-for-anything-and-everything-ufc-seattle.txt,16,0,0,0,1293,16
news_rob-font-remains-ready-for-the-unexpected-noche-ufc.txt,12,0,0,1,1059,13
news_robert-valentin-back-from-a-dark-place.txt,22,0,0,5,1699,27
news_robert-whittaker-im-fighting-fairytale-ending-ufc-abu-dhabi.txt,12,0,0,1,780,13
news_roberto-romero-always-learning-ufc-kansas-city.txt,11,0,0,3,1003,14
news_rodolfo-bellato-aiming-perfect-peformance-ufc-vegas-106.txt,14,0,0,1,794,15
news_roman-dolidze-less-talk-more-action-ufc-vegas-104.txt,17,0,0,9,947,26
news_roman-kopylov-continues-to-settle-in-ufc-318.txt,23,0,0,4,1313,27
news_rongzhu-continued-evolution-ufc-fight-night-shanghai.txt,15,0,0,3,869,18
news_rose-namajunas-is-still-improving-every-day-ufc-atlanta.txt,0,15,0,0,1129,15
news_ryan-loder-is-always-evolving-ufc-qatar.txt,13,0,0,1,745,14
news_ryan-loder-return-to-wells-fargo-arena-ufc-des-moines.txt,10,0,0,2,843,12
news_ryan-spann-accepting-his-callingufc-vegas-104.txt,23,0,0,8,1911,31
news_sam-hughes-im-going-be-unstoppable-ufc-vegas-104.txt,0,13,0,1,598,14
news_sam-patterson-found-his-groove-ufc-vegas-103.txt,13,0,0,1,874,14
news_santiago-luna-noche-ufc-put-in-work.txt,9,0,0,0,725,9
news_santiago-ponzinibbio-pushing-through-adversity-welterweight.txt,17,0,0,2,1208,19
news_scorecard-noche-ufc-san-antonio.txt,5,1,0,0,630,6
news_scorecard-ufc-fight-night-bonfim-vs-brown.txt,21,0,0,2,1012,23
news_scorecard-ufc-fight-night-garcia-vs-onama.txt,16,4,0,3,1046,23
news_scorecard-ufc-fight-night-vegas-112.txt,19,0,0,3,1075,22
news_scorecard-ufc-qatar.txt,28,0,0,3,1402,31
news_sean-brady-grindin-vechain-ufc-322.txt,20,1,0,4,1283,25
news_sean-brady-is-ready-for-the-moment-ufc-london.txt,10,0,0,2,1249,12
news_sean-brady-journey-to-ufc-fight-night-london-2025.txt,6,0,0,1,525,7
news_sean-omalley-full-circle-newark-ufc-316-newark.txt,25,0,0,9,1779,34
news_sean-omalley-re-booting-suga-show-ufc-324-bantamweight.txt,23,0,0,2,1496,25
news_sean-strickland-the-same-but-different-ufc-312.txt,22,0,0,10,1781,32
news_sean-woodson-proving-himself-every-step-forward-ufc-314.txt,14,0,0,0,1480,14
news_sergei-pavlovich-keep-moving-forward-ufc-saudi-arabia.txt,15,0,0,7,1270,22
news_serghei-spivac-poised-to-teach-a-familiar-lesson-ufc-316.txt,29,0,0,0,1705,29
news_serhiy-sidey-ready-begin-year-two-ufc-des-moines.txt,35,0,0,7,2789,42
news_seriously-do-not-blink-when-tom-aspinall-and-ciryl-gane-fight-at-ufc-321.txt,9,0,0,3,919,12
news_shara-magomedov-right-where-he-needs-be-ufc-saudi-arabia.txt,18,0,0,1,1154,19
news_shauna-bannon-not-phased-by-pressure-ufc-london.txt,0,10,0,2,1170,12
news_significant-stats-ufc-311-makhachev-vs-tsarukyan-2.txt,12,0,0,8,1588,20
news_significant-stats-ufc-312-du-plessis-vs-strickland-2.txt,3,3,0,4,769,10
news_significant-stats-ufc-313-pereira-vs-ankalaev.txt,9,0,0,6,1247,15
news_significant-stats-ufc-314-volkanovski-vs-lopes.txt,9,3,0,8,1551,20
news_significant-stats-ufc-315-muhammad-vs-della-maddalena.txt,3,6,0,6,1161,15
news_significant-stats-ufc-316-dvalishvili-vs-omalley-2.txt,9,4,0,11,1279,24
news_significant-stats-ufc-317-topuria-vs-oliveira.txt,11,0,0,6,1559,17
news_significant-stats-ufc-318-holloway-vs-poirier-3.txt,12,0,0,8,1367,20
news_significant-stats-ufc-319-du-plessis-vs-chimaev.txt,10,0,0,5,1197,15
news_sodiq-yusuff-always-grateful-no-matter-what-ufc-fight-night-burns-vs-morales.txt,17,0,0,8,1385,25
news_song-yadong-peaking-right-time.txt,18,0,0,1,1115,19
news_song-yadong-primed-to-take-the-next-step-ufc-seattle-main-event.txt,17,0,0,4,1014,21
news_stephen-wonderboy-thompson-setting-standard-ufc-nashville.txt,23,0,0,7,1414,30
news_steve-erceg-i-belong-on-this-level-ufc-mexico.txt,17,0,0,2,1204,19
news_steve-garcia-only-looking-forward-ufc-nashville.txt,9,0,0,2,920,11
news_steve-garcia-real-recognizes-real-ufc-fight-night-vegas-110.txt,18,0,0,8,1943,26
news_submissions-2025-ufccom-awards.txt,13,3,2,6,1579,24
news_suyoung-yous-road-ufc-greatness-vegas-104.txt,12,0,0,3,816,15
news_tabatha-ricci-baby-shark-week-ufc-abu-dhabi.txt,0,9,0,5,819,14
news_tallison-teixeira-promise-reality-ufc-nashville.txt,22,0,0,2,1476,24
news_tatiana-suarez-is-ready-to-show-her-best-self-noche-ufc.txt,0,21,0,7,1333,28
news_tatiana-suarez-its-long-way-top-ufc-312.txt,0,24,0,0,1056,24
news_tatiana-suarezs-moment-finally-arrives-ufc-312.txt,0,12,2,4,1257,18
news_tatsuro-taira-closer-to-dream-ufc-323.txt,19,0,0,8,893,27
news_tatsuro-taira-experience-is-everything.txt,17,0,0,0,755,17
news_tecia-pennington-crossroad-ufc-fight-night-bonfim-vs-brown.txt,0,19,0,4,1507,23
news_tecia-pennington-ready-make-climb-ufc-vegas-106.txt,0,21,0,4,1219,25
news_terrance-mckinney-its-time-build-ufc-317.txt,25,0,0,7,1981,32
news_terrance-mckinney-wants-to-put-it-all-together-saudi-arabia.txt,15,0,0,0,826,15
news_terrance-saeteruns-call-finally-came-flyweight-ufc-shanghai.txt,11,0,0,2,991,13
news_thaigo-moises-more-mature-and-hungrier-than-ever-ufc-vegas-106.txt,32,1,0,3,1678,36
news_the-10-best-fights-on-canadian-soil.txt,26,4,1,22,3220,53
news_the-10-closing-out-2025-with-a-bang.txt,26,11,0,7,2788,44
news_the-10-madness-inside-the-octagon-this-march-ufc.txt,34,4,0,7,2933,45
news_the-10-outlining-the-top-action-inside-the-octagon-in-april.txt,34,4,0,10,3014,48
news_the-10-standout-strawweight-title-fights.txt,1,45,0,12,3216,58
news_the-10-the-best-of-the-ufc-in-montreal.txt,37,0,0,9,2748,46
news_the-bigger-picture-ufc-312.txt,21,10,0,9,2203,40
news_the-fights-2025-ufccom-awards.txt,17,0,0,9,1680,26
news_the-loneer-kavanagh-saga-continues.txt,20,0,0,15,1940,35
news_the-new-and-improved-claudio-puelles-noche-ufc.txt,22,0,0,7,1522,29
news_the-scorecard-ufc-seattle.txt,5,0,0,0,758,5
news_the-submissions-2025-half-year-awards.txt,8,6,0,2,891,16
news_the-tao-of-allan-nascimento-ufc-vegas-110.txt,16,0,0,6,1332,22
news_themba-gorimbo-welcome-to-the-mamba-show-ufc-vegas-110.txt,15,0,0,3,942,18
news_tim-elliott-just-wants-to-compete-ufc-319.txt,10,0,0,2,1092,12
news_time-has-finally-come-ludovit-klein-UFC-Vegas-107.txt,22,0,0,5,1323,27
news_tko-takeover-events-schedule-pbr-ufc-fight-night-machado-garry-vs-prates-wwe-kansas-city-t-mobile-center-vechain.txt,0,0,0,11,216,11
news_top-finishes-from-fighters-competing-at-ufc-saudi-arabia-adesanya-vs-imavov-shara-magomedov-oliveira-aliskerov-ziam.txt,9,0,0,1,507,10
news_torrez-finney-is-proving-himself-right-ufc-vegas-105.txt,11,0,0,1,805,12
news_torrez-finneys-road-to-redemption.txt,10,0,0,4,700,14
news_tracy-cortez-my-time-is-now-vechain-ufc-322.txt,0,19,0,2,1282,21
news_tracy-cortez-wants-to-make-up-for-lost-time-ufc-317.txt,0,11,0,1,725,12
news_tresean-gore-a-must-win-for-me-ufc-vegas-108.txt,8,0,0,2,987,10
news_trey-waters-healed-and-hungry-ufc-paris-welterweight.txt,11,0,0,1,1083,12
news_tuf-winner-spotlight-mairon-santos-ufc-313-pereira-vs-ankalaev.txt,9,0,0,1,542,10
news_ufc-2025-incredible-year-still-has-more-to-offer.txt,12,0,0,12,1693,24
news_ufc-315-best-bets-draftkings-sportsbook.txt,6,4,0,4,669,14
news_ufc-321-aspinall-vs-gane-event-tonight-main-card-live-results-recaps-highlights-interviews-abu-dhabi.txt,8,2,0,2,841,12
news_ufc-321-aspinall-vs-gane-event-tonight-prelim-live-results-recaps-highlights-interviews-abu-dhabi.txt,13,2,0,3,1136,18
news_ufc-bjj-4-tackett-vs-dorsey-results-match-recaps-interviews.txt,56,17,1,3,3400,77
news_ufc-fight-night-bonfim-vs-brown-main-card-results-highlights-recaps-winners-interviews.txt,1,0,0,2,91,3
news_ufc-fight-night-bonfim-vs-brown-prelim-results-highlights-recaps-winners-interviews.txt,6,0,0,1,445,7
news_ufc-fight-night-garcia-vs-onama-main-card-results-highlights-recaps-winners-interviews.txt,12,0,0,2,877,14
news_ufc-fight-night-garcia-vs-onama-prelim-results-highlights-recaps-winners-interviews.txt,8,6,0,2,1059,16
news_ufc-qatar-main-card-results-ufc-fight-night-tsarukyan-vs-hooker-event-tonight-recaps-highlights-interviews.txt,1,0,0,3,169,4
news_ufc-qatar-prelim-results-ufc-fight-night-tsarukyan-vs-hooker-event-tonight-recaps-highlights-interviews.txt,7,0,0,3,593,10
news_ufc-returns-to-miami-with-featherweight-title-bout-between-alexander-volkanovski-and-diego-lopes-ufc-314.txt,4,0,0,3,454,7
news_ufc-tonight-fight-fight-preview-ufc-316-dvalishvili-vs-omalley-2.txt,30,7,0,10,2483,47
news_ufc-tonight-fight-fight-preview-ufc-323-dvalishvili-vs-yan-2.txt,38,2,0,6,2579,46
news_ufc-tonight-fight-fight-preview-vechain-ufc-322-della-maddalena-vs-makhachev.txt,31,10,0,9,2787,50
news_ufc-walkouts-we-love-adesanya-mcgregor-ortega-till-covington-tuivasa-barnett.txt,8,0,0,4,720,12
news_ufc-welterweight-division-enters-pivotal-2-week-stretch-della-maddalena-makhachev-brady-morales-prates-edwards-muhammad-machado-garry.txt,11,0,0,2,854,13
news_ultra-competitive-welterweight-title-picture-enters-spotlight.txt,9,0,0,2,1080,11
news_umar-nurmagomedov-is-ready-to-go-into-deep-waters-ufc-311.txt,27,0,0,1,1160,28
news_under-radar-fares-ziam-lightweight-ufc-paris.txt,8,0,0,0,521,8
news_under-the-radar-ailin-perez-bantamweight-ufc-311.txt,0,12,0,0,745,12
news_under-the-radar-fares-ziam-ufc-saudi-arabia.txt,10,0,0,0,603,10
news_under-the-radar-ludovit-klein-ufc-vegas-107.txt,8,0,0,0,716,8
news_uros-medic-back-track-ufc-fight-night-bonfim-vs-brown.txt,20,0,0,9,1383,29
news_valentina-shevchenko-a-journey-of-love-ufc-315.txt,0,30,0,8,1960,38
news_valentina-shevchenko-an-entirely-different-approach-vechain-ufc-322.txt,0,17,0,6,1371,23
news_valter-walker-Im-a-different-guy-now-fight-night-cannonier-vs-rodrigues.txt,12,2,0,0,1012,14
news_vanessa-demopoulos-all-about-impact-ufc-vegas-105.txt,0,9,0,1,881,10
news_vicente-luque-channels-vintage-form-ufc-316.txt,12,0,0,1,812,13
news_vinc-pichel-the-skys-the-limit-ufc-mexico.txt,10,0,0,3,1226,13
news_vince-morales-best-version-ufc-fight-night-vegas-102.txt,13,0,0,1,1040,14
news_vince-morales-ready-for-uphill-battle-ufc-mexico.txt,12,0,0,2,1086,14
news_volkan-oezdemir-no-time-like-present-ufc-qatar.txt,12,0,0,4,960,16
news_waldo-cortes-acosta-be-more-waldo-ufc-vegas-110.txt,17,0,0,2,833,19
news_waldo-cortes-acosta-no-slowing-down-ufc-324.txt,19,0,0,2,1046,21
news_wang-cong-is-here-to-perform-ufc-312.txt,0,11,0,1,664,12
news_week-1-results-scorecards-fight-recaps-interviews-contract-winners-dana-whites-contender-series-season-9.txt,19,0,0,4,1271,23
news_week-2-results-scorecards-dana-whites-contender-series-season-9.txt,23,0,0,4,1315,27
news_week-3-results-scorecards-dana-whites-contender-series-season-9.txt,15,0,0,6,1027,21
news_week-4-results-scorecards-fight-recaps-interviews-contract-winners-dana-whites-contender-series-season-9.txt,14,0,0,5,1005,19
news_week-5-results-scorecards-fight-recaps-contract-winners-interviews-dana-whites-contender-series-season-9.txt,13,2,1,4,1048,20
news_welterweight-division-2026-preview.txt,11,0,0,2,1006,13
news_westin-wilson-enjoying-chaos-ufc-shanghai.txt,16,1,0,1,1025,18
news_when-a-game-plan-works-to-perfection-masvidal-mcgregor-poirier-dvalishvili-lewis.txt,5,0,0,2,635,7
news_where-aaron-pico-belongs-ufc-319.txt,13,0,0,2,1118,15
news_where-we-stand-bantamweight-division.txt,19,0,0,5,1156,24
news_where-we-stand-flyweight-division.txt,17,0,0,6,964,23
news_where-we-stand-light-heavyweight-division-march-2025-ankalaev-pereira-ufc-313.txt,18,0,0,6,1161,24
news_where-we-stand-lightweight-division.txt,14,0,0,7,1022,21
news_where-we-stand-middleweight-division.txt,16,0,0,6,1125,22
news_where-we-stand-ufc-featherweight-division.txt,16,0,0,8,1112,24
news_where-we-stand-welterweight-division.txt,15,0,0,8,1114,23
news_where-we-stand-womens-bantamweight-division.txt,0,15,0,6,985,21
news_where-we-stand-womens-flyweight-division.txt,0,17,0,6,1002,23
news_who-patricio-pitbull-golden-journey-ufc-314.txt,21,0,0,1,954,22
news_william-gomis-breakout-campaign-ufc-vegas-103.txt,20,0,0,4,1274,24
news_womens-bantamweight-division-2026-preview.txt,0,8,0,1,493,9
news_womens-flyweight-division-2026-preview.txt,0,13,0,1,875,14
news_yadier-del-valle-no-fear-ufc-vegas-110.txt,15,0,0,8,1272,23
news_yair-rodriguez-is-ready-to-welcome-Patricio-Pitbull-to-the-ufc-ufc-314.txt,23,0,0,7,1347,30
news_youssef-zalal-2024-lookback.txt,10,0,0,0,556,10
news_youssef-zalal-hard-work-dividends-ufc-vegas-102.txt,17,0,0,2,1192,19
news_yuneisy-duben-ufc-the-best-is-yet-to-come-vegas-104.txt,0,19,0,2,1003,21
news_zachary-reese-all-gas-no-brakes-noche-ufc.txt,11,0,0,1,1050,12
news_zachary-reese-ready-bounce-back-ufc-vegas-107.txt,13,0,0,3,1047,16
news_zachary-reese-seeks-a-flawless-victory-ufc-311.txt,16,0,0,1,1174,17
news_zhang-mingyang-all-gas-no-brakes-ufc-kansas-city.txt,11,0,0,2,750,13
news_zhang-mingyang-embracing-spotlight-ufc-shanghai-light-heavyweight.txt,9,0,1,3,617,13
news_zhang-mingyang-journey-main-event-light-heavyweight.txt,8,0,0,0,728,8
news_zhang-weili-big-challenge-apple-vechain-ufc-322.txt,0,19,0,5,882,24
news_zhang-weili-builds-her-case-goat-status.txt,0,0,0,1,0,1
news_zhang-weili-built-different-ufc-312.txt,0,21,0,3,1341,24
