link,type,time_ago,headline,title,description,published_time,modified_time,author,social_media
/news/chris-duncan-knock-them-down-ufc-323,Athletes,13 hours ago,"Chris Duncan | Line Them Up, And I’ll Knock Them Down","Chris Duncan | Line Them Up, And I’ll Knock Them Down","Scottish Lightweight Plans To Gatecrash The Top 15, And Sees Victory At UFC 323 As The Perfect Launchpad For A Big Year In 2026",2025-12-05 10:00:00-06:00,2025-12-05 09:55:00-06:00,Simon Head,simonheadsport
/news/henry-cejudo-triple-c-last-dance-ufc-323,Athletes,14 hours ago,Henry Cejudo | Triple C’s Last Dance,Henry Cejudo | Triple C’s Last Dance,"Former Two-Division Champion On His Nicknames, His Future Plans, And His Final Fight Thoughts Ahead Of UFC 323",2025-12-05 09:00:00-06:00,2025-12-05 08:55:00-06:00,Simon Head,simonheadsport
/news/mansur-abdul-malik-humble-thoughtful-dangerous,Athletes,15 hours ago,"Mansur Abdul-Malik | Humble, Thoughtful, Dangerous","Mansur Abdul-Malik | Humble, Thoughtful, Dangerous","DWCS Grad A Gentleman Outside The Octagon, A Burgeoning Threat Inside",2025-12-05 08:00:00-06:00,2025-12-05 07:55:00-06:00,E. Spencer Kyte,
/news/jan-blachowicz-dont-sleep-polish-power-ufc-323,Athletes,1 day ago,Jan Błachowicz | Don’t Sleep On The ‘Legendary…,Jan Błachowicz | Don’t Sleep On The ‘Legendary Polish Power’,Former UFC Light Heavyweight Champion Wants To Give The MMA World A Timely Reminder Of His Punching Power At UFC 323,2025-12-04 16:23:00-06:00,2025-12-04 16:38:09-06:00,Simon Head,simonheadsport
/news/brandon-moreno-still-prime-ufc-323,Athletes,1 day ago,Brandon Moreno Is Still In His Prime,Brandon Moreno Is Still In His Prime,"Two-Time Former Flyweight Champion Is Still In The Championship Picture at 125 Pounds, And Plans On Making A Statement Against A Rising Star At UFC 323",2025-12-04 15:23:54-06:00,2025-12-04 15:41:20-06:00,Simon Head,simonheadsport
/news/tatsuro-taira-closer-to-dream-ufc-323,Athletes,1 day ago,Tatsuro Taira Is Edging Closer To His Dream,Tatsuro Taira Is Edging Closer To His Dream,"Japanese Flyweight Contender Wants To Bring UFC Gold Back Home, And Knows Victory Over Brandon Moreno at UFC 323 Will Move Him One Step Closer To That Goal",2025-12-04 12:37:33-06:00,2025-12-04 12:52:34-06:00,Simon Head,simonheadsport
/news/maycee-barber-been-too-long-ufc-323,Athletes,1 day ago,Maycee Barber: 'It's Been Too Long',Maycee Barber: 'It's Been Too Long',Flyweight Standout Opens Up About Extended Absence Ahead Of UFC 323 Return,2025-12-04 11:59:32-06:00,2025-12-04 11:49:04-06:00,E. Spencer Kyte,
/news/fares-ziam-growing-serious-threat-ufc-323-lightweight,Athletes,1 day ago,Farès Ziam | Growing Into A Serious Threat,Farès Ziam | Growing Into A Serious Threat,French Lightweight Seeks Sixth Straight Win At UFC 323,2025-12-04 10:00:00-06:00,2025-12-04 10:00:00-06:00,E. Spencer Kyte,spencerkyte
/news/payton-talbott-keeps-taking-chances-bantamweight-ufc-323,Athletes,1 day ago,Payton Talbott Keeps Taking Chances,Payton Talbott Keeps Taking Chances,"Bantamweight Prospect Discusses Lessons Learned, Facing Henry Cejudo At UFC 323",2025-12-04 09:00:00-06:00,2025-12-04 09:00:00-06:00,E. Spencer Kyte,spencerkyte
/news/petr-yans-chance-to-rewrite-the-story-ufc-323,Athletes,1 day ago,Petr Yan’s Chance To Rewrite The Story,Petr Yan’s Chance To Rewrite The Story,Former Bantamweight Champ Looks To Reclaim The Title In A Rematch With Merab Dvalishvili At UFC 323,2025-12-04 08:00:00-06:00,2025-12-04 07:55:00-06:00,Kevin Schuster,
/news/grant-dawson-big-game-hunting-ufc-323,Athletes,2 days ago,Grant Dawson | Big Game Hunting,Grant Dawson | Big Game Hunting,Talented Lightweight Looking To Secure Greater Opportunities With UFC 323 Victory,2025-12-03 13:07:00-06:00,2025-12-03 13:10:59-06:00,E. Spencer Kyte,SpencerKyte
/news/alexandre-pantoja-viva-las-vegas-ufc-323,Athletes,2 days ago,Alexandre Pantoja | Viva Las Vegas,Alexandre Pantoja | Viva Las Vegas,"Flyweight Champ Talks Vegas Successes, State Of The Division, Facing Joshua Van",2025-12-03 11:33:36-06:00,2025-12-03 11:55:33-06:00,E. Spencer Kyte,
/news/merab-dvalishvili-focused-today-already-thinking-about-tomorrow,Athletes,3 days ago,"Merab Dvalishvili | Focused On Today, Already…","Merab Dvalishvili | Focused On Today, Already Thinking About Tomorrow","Bantamweight Champ Ready For Stern Test On Saturday, Lays Out 2026 Plans",2025-12-02 21:07:37-06:00,2025-12-02 21:23:31-06:00,E. Spencer Kyte,
/news/fighters-on-the-rise-ufc-323,Athletes,3 days ago,Fighters on the Rise | UFC 323: Dvalishvili vs Yan 2,Fighters on the Rise | UFC 323: Dvalishvili vs Yan 2,Identifying Three Emerging Talents To Watch This Weekend At T-Mobile Arena,2025-12-02 15:00:00-06:00,2025-12-02 18:11:41-06:00,E. Spencer Kyte,
/news/coach-convo-pantoja-vs-van-co-main-ufc-323,Fight Preview,3 days ago,Coach Conversation | Alexandre Pantoja vs Joshua Van,Coach Conversation | Alexandre Pantoja vs Joshua Van,New England Cartel Leader Tyson Chartier Dissects Saturday’s Flyweight Title Fight At UFC 323: Dvalishvili vs Yan 2,2025-12-02 12:21:03-06:00,2025-12-02 12:50:01-06:00,E. Spencer Kyte,
/news/nazim-sadykhov-the-hard-work-starts-now-ufc-323,Athletes,3 days ago,Nazim Sadykhov | The Hard Work Starts Now,Nazim Sadykhov | The Hard Work Starts Now,"Ascending Lightweight Shares Outlook, Mission Ahead Of UFC 323 This Weekend",2025-12-02 09:00:00-06:00,2025-12-02 09:00:00-06:00,E. Spencer Kyte,spencerkyte
/news/joshua-van-time-to-complete-the-takeover-ufc-323,Athletes,3 days ago,Joshua Van | Time To Complete The Takeover,Joshua Van | Time To Complete The Takeover,"Flyweight Title Challenger Discusses Prophetic Comments, Facing Alexandre Pantoja",2025-12-02 08:00:00-06:00,2025-12-02 08:00:00-06:00,E. Spencer Kyte,spencerkyte
/news/coach-conversation-ufc-323-dvalishvili-vs-yan-2,Fight Coverage,5 days ago,Coach Conversation | UFC 323: Dvalishvili vs Yan 2,Coach Conversation | UFC 323: Dvalishvili vs Yan 2,Standout Striking Coach Sean Madden Helps Break Down Saturday’s Bantamweight Championship Clash,2025-11-30 03:44:51-06:00,2025-11-30 04:01:56-06:00,E. Spencer Kyte,spencerkyte
/news/fight-fight-preview-ufc-323-dvalishvili-vs-yan-2,Fight Coverage,5 days ago,Fight By Fight Preview | UFC 323: Dvalishvili vs Yan…,Fight By Fight Preview | UFC 323: Dvalishvili vs Yan 2,Setting The Stage For The Final Numbered Event Of 2025 This Weekend,2025-11-30 03:19:17-06:00,2025-12-01 16:24:10-06:00,E. Spencer Kyte,spencerkyte
/news/the-10-closing-out-2025-with-a-bang,Fight Coverage,1 week ago,The 10 | Closing Out 2025 With A Bang,The 10 | Closing Out 2025 With A Bang,Detailing The Most Intriguing Pairings Set To Hit The Octagon In December,2025-11-28 17:18:00-06:00,2025-11-28 17:18:22-06:00,E. Spencer Kyte,SpencerKyte
/news/ufc-2025-incredible-year-still-has-more-to-offer,Fight Coverage,1 week ago,UFC 2025 | Incredible Year Still Has More To Offer,UFC 2025 | Incredible Year Still Has More To Offer,"With Two Events Remaining, 2025 Has Already Been A Monumental Year",2025-11-26 11:45:00-06:00,2025-11-26 11:49:52-06:00,E. Spencer Kyte,spencerkyte
/news/louis-jourdain-ready-stand-alongside-his-big-brother-again-dana-white-contender-series,Athletes,1 week ago,Louis Jourdain Ready to Stand Alongside His Big…,Louis Jourdain Ready to Stand Alongside His Big Brother Again,"Dana White’s Contender Series Grad Talks Reaching UFC, Dynamics With Older Brother Charles",2025-11-25 12:50:50-06:00,2025-11-25 13:01:11-06:00,E. Spencer Kyte,spencerkyte
/news/scorecard-ufc-qatar,Athletes,1 week ago,The Scorecard | UFC Qatar,The Scorecard | UFC Qatar,"Take A Look At The Biggest Winners From UFC Fight Night: Tsarukyan vs Hooker, From Ali Bin Hamad Al-Attiyah Arena in Doha, Qatar, On November 22, 2025",2025-11-23 15:06:29-06:00,2025-11-23 15:47:09-06:00,Simon Head,simonheadsport
/news/bonus-coverage-2025-performance-fight-of-the-night,Results,1 week ago,Bonus Coverage | UFC Qatar: Tsarukyan vs Hooker,Bonus Coverage | UFC Qatar: Tsarukyan vs Hooker,"The Fights & Performances That Warranted An Extra $50,000 In 2025",2025-11-22 16:01:00-06:00,2025-11-24 10:23:18-06:00,UFC Staff Report,
/news/ufc-qatar-main-card-results-ufc-fight-night-tsarukyan-vs-hooker-event-tonight-recaps-highlights-interviews,Results,1 week ago,Main Card Results | UFC Qatar,Main Card Results | UFC Qatar,"Get Live Results, Watch Post-Fight Interviews With The Main Card Winners And More From UFC Fight Night: Tsarukyan vs Hooker, Live From ABHA Arena in Doha, Qatar On November 22",2025-11-22 14:44:00-06:00,2025-11-22 15:34:06-06:00,E. Spencer Kyte,SpencerKyte
/news/ufc-qatar-prelim-results-ufc-fight-night-tsarukyan-vs-hooker-event-tonight-recaps-highlights-interviews,Results,1 week ago,Prelim Results | UFC Qatar,Prelim Results | UFC Qatar,"Get Live Results, Watch Post-Fight Interviews With The Prelim Winners And More From UFC Fight Night: Tsarukyan vs Hooker, Live From ABHA Arena in Doha, Qatar On November 22",2025-11-22 10:07:01-06:00,2025-11-22 12:33:21-06:00,E. Spencer Kyte,SpencerKyte
/news/arman-tsarukyan-has-gold-on-his-mind-in-doha-ufc-qatar,Athletes,2 weeks ago,Arman Tsarukyan Has Gold On His Mind In Doha,Arman Tsarukyan Has Gold On His Mind In Doha,"Ahead Of His First Fight Since April 2024, Arman Tsarukyan Believes He Can Earn A Shot At The Lightweight Title With A Stylish Win Over Dan Hooker",2025-11-21 09:30:00-06:00,2025-11-21 09:25:00-06:00,Zac Pacleb,
/news/nicolas-dalby-experience-is-key-ufc-qatar,Athletes,2 weeks ago,Nicolas Dalby | Experience Is Key,Nicolas Dalby | Experience Is Key,"Danish Welterweight May Be In The Veteran Stage Of His Career, But He's Never Stopped His Quest For Improvement",2025-11-21 09:00:00-06:00,2025-11-21 08:55:00-06:00,Simon Head,simonheadsport
/news/volkan-oezdemir-no-time-like-present-ufc-qatar,Athletes,2 weeks ago,Volkan Oezdemir | 'No Time' Like The Present,Volkan Oezdemir | 'No Time' Like The Present,Veteran Light Heavyweight Contender Plans On Igniting Another Run Towards Title Contention At 205 Pounds,2025-11-21 07:10:33-06:00,2025-11-21 06:55:00-06:00,Simon Head,simonheadsport
/news/kyoji-horiguchi-one-step-at-a-time-ufc-qatar,Athletes,2 weeks ago,Kyoji Horiguchi | One Step At A Time,Kyoji Horiguchi | One Step At A Time,"Returning Japanese Standout Focused Exclusively On Task At Hand, For Now",2025-11-20 16:10:00-06:00,2025-11-21 08:00:00-06:00,E. Spencer Kyte,SpencerKyte
/news/alex-perez-grateful-for-the-ride-ufc-qatar,Athletes,2 weeks ago,Alex Perez | Grateful For The Ride,Alex Perez | Grateful For The Ride,Flyweight Discusses Recovery From ACL Surgery And His Plan To Get Back Into Title Contention,2025-11-20 12:40:00-06:00,2025-11-20 17:42:05-06:00,Maddyn Johnstone,
/news/ryan-loder-is-always-evolving-ufc-qatar,Athletes,2 weeks ago,Ryan Loder Is Always Evolving,Ryan Loder Is Always Evolving,Former Ultimate Fighter Winner Ryan Loder Is Eager To Show His Improvements And Secure His First UFC Win At UFC Fight Night: Tsarukyan vs Hooker,2025-11-20 10:50:28-06:00,2025-11-20 17:42:12-06:00,Zac Pacleb,
/news/ian-machado-garry-wants-to-be-undeniable-ufc-qatar,Athletes,2 weeks ago,Ian Machado Garry Wants To Be Undeniable,Ian Machado Garry Wants To Be Undeniable,Irish Welterweight Contender Is Ready To Prove He's The Number One Contender By Finishing A Former Champion In Doha,2025-11-20 07:20:18-06:00,2025-11-20 17:42:20-06:00,Simon Head,simonheadsport
/news/belal-muhammad-aiming-to-make-a-statement-ufc-qatar,Athletes,2 weeks ago,Belal Muhammad Aiming to Make a Statement,Belal Muhammad Aiming to Make a Statement,Former Champ Looking To Out-Shine UFC 322 Standouts In Clash With Ian Machado Garry,2025-11-20 02:30:34-06:00,2025-11-20 17:42:29-06:00,E. Spencer Kyte,spencerkyte
/news/prospect-to-watch-myktybek-orolbai-ufc-qatar,Athletes,2 weeks ago,Prospect To Watch | Myktybek Orolbai,Prospect To Watch | Myktybek Orolbai,"Fresh Off A Submission Win This Summer, Myktybek Orolbai Makes The Move Back To Welterweight In Search Of Long-Term Success",2025-11-19 16:49:35-06:00,2025-11-20 17:42:36-06:00,Kevin Schuster,
/news/dan-hooker-big-game-hunting-ufc-qatar-lightweight,Athletes,2 weeks ago,Dan Hooker | Big Game Hunting,Dan Hooker | Big Game Hunting,"All-Action Standout Talks Targeting Arman Tsarukyan, Eyes Championship Opportunity",2025-11-19 15:56:07-06:00,2025-11-20 17:42:45-06:00,E. Spencer Kyte,spencerkyte
/news/jack-hermansson-wades-into-new-waters-ufc-qatar,Athletes,2 weeks ago,Jack Hermansson Wades Into New Waters,Jack Hermansson Wades Into New Waters,"Scandinavian Veteran Discusses Welterweight Debut, Chasing Greater Consistency",2025-11-19 15:25:00-06:00,2025-11-20 17:42:54-06:00,E. Spencer Kyte,spencerkyte
/news/aleksandre-topuria-look-good-feel-good-play-good-ufc-qatar,Athletes,2 weeks ago,"Aleksandre Topuria | Look Good, Feel Good, Play Good","Aleksandre Topuria | Look Good, Feel Good, Play Good","Bantamweight Discusses Family Style, Competing In The UFC, 2026 Goals",2025-11-19 14:45:00-06:00,2025-11-20 17:43:11-06:00,E. Spencer Kyte,SpencerKyte
/news/main-event-spotlight-arman-tsarukyan-vs-dan-hooker-ufc-qatar,Athletes,2 weeks ago,Main Event Spotlight | Arman Tsarukyan vs Dan Hooker,Main Event Spotlight | Arman Tsarukyan vs Dan Hooker,Elite Lightweights Clash In UFC’s First Trip To Qatar With A Potential Title Shot On The Line,2025-11-19 14:44:59-06:00,2025-11-20 17:43:03-06:00,Zac Pacleb,
/news/bogdan-grad-better-than-ever-ufc-qatar,Athletes,2 weeks ago,Bogdan Grad Feels Better Than Ever,Bogdan Grad Feels Better Than Ever,Austrian Featherweight Arrives In Doha Ready To Welcome A Hyped Prospect To The UFC – By Handing Him His First Career Defeat,2025-11-19 11:11:52-06:00,2025-11-20 17:43:18-06:00,Simon Head,simonheadsport
/news/where-we-stand-welterweight-division,Athletes,2 weeks ago,Where We Stand: Welterweight Division | November 2025,Where We Stand: Welterweight Division | November 2025,Pound-For-Pound King Islam Makhachev Now Rules The Welterweight Division With Plenty Of Exciting Matchups Waiting In The Wings,2025-11-18 12:42:00-06:00,2025-11-18 11:02:56-06:00,Zac Pacleb,ZacPacleb
/news/fighters-rise-ufc-qatar-riley-horiguchi-almakhan,Athletes,2 weeks ago,Fighters on the Rise | UFC Qatar,Fighters on the Rise | UFC Qatar,Highlighting A Trio Of Talents To Watch This Weekend As The UFC Ventures To Qatar,2025-11-18 12:31:51-06:00,2025-11-20 17:44:06-06:00,E. Spencer Kyte,spencerkyte
/news/where-we-stand-womens-flyweight-division,Athletes,2 weeks ago,Where We Stand: Women's Flyweight Division |…,Where We Stand: Women's Flyweight Division | November 2025,Valentina Shevchenko Added Another Title Defense To Her Resume In New York City With The Question Of Who Comes Next Looming,2025-11-18 12:28:21-06:00,2025-11-18 11:19:43-06:00,Zac Pacleb,ZacPacleb
/news/arman-tsarukyan-out-to-cement-top-contender-status-ufc-qatar,Athletes,2 weeks ago,Arman Tsarukyan Out To Cement Top Contender Status,Arman Tsarukyan Out To Cement Top Contender Status,"Returning Standout Discusses Lightweight Division, Pairing With Dan Hooker",2025-11-18 12:11:00-06:00,2025-11-20 17:44:13-06:00,E. Spencer Kyte,SpencerKyte
/news/fight-by-fight-preview-ufc-fight-night-tsarukyan-vs-hooker-doha-qatar,Fight Coverage,2 weeks ago,Fight By Fight Preview | UFC Qatar,Fight By Fight Preview | UFC Qatar,"Laying Out The Lineup For Our Saturday Debut In Doha, Qatar For UFC Fight Night: Tsarukyan vs Hooker",2025-11-17 13:11:00-06:00,2025-11-20 17:44:21-06:00,E. Spencer Kyte,SpencerKyte
/news/bigger-picture-vechain-ufc-322,Fight Coverage,2 weeks ago,The Bigger Picture | VeChain UFC 322,The Bigger Picture | VeChain UFC 322,An Historic Night At Madison Square Garden Produced Plenty To Discuss,2025-11-16 12:45:47-06:00,2025-11-16 12:44:59-06:00,E. Spencer Kyte,
/news/main-card-results-vechain-ufc-322-della-maddalena-vs-makhachev-event-tonight-recaps-highlights-interviews,Results,2 weeks ago,Main Card Results | VeChain UFC 322: Della Maddalena…,Main Card Results | VeChain UFC 322: Della Maddalena vs Makhachev,"Get Live Results, Watch Post-Fight Interviews With The Main Card Winners And More From VeChain UFC 322: Della Maddalena vs Makhachev, Live From Madison Square Garden On November 15",2025-11-16 00:00:00-06:00,2025-11-17 13:21:55-06:00,E. Spencer Kyte,SpencerKyte
/news/prelim-results-vechain-ufc-322-della-maddalena-vs-makhachev-event-tonight-recaps-highlights-interviews,Results,2 weeks ago,Prelim Results | VeChain UFC 322: Della Maddalena vs…,Prelim Results | VeChain UFC 322: Della Maddalena vs Makhachev,"Get Live Results, Watch Post-Fight Interviews With The Prelim Winners And More From VeChain UFC 322: Della Maddalena vs Makhachev, Live From Madison Square Garden On November 15",2025-11-15 20:50:00-06:00,2025-11-15 22:12:10-06:00,E. Spencer Kyte,SpencerKyte
/news/ufc-tonight-fight-fight-preview-vechain-ufc-322-della-maddalena-vs-makhachev,Fight Coverage,2 weeks ago,UFC Tonight: Fight By Fight Preview | VeChain UFC…,UFC Tonight: Fight By Fight Preview | VeChain UFC 322: Della Maddalena vs Makhachev,Detailing The All-Action Lineup Headed To Madison Square Garden On Saturday,2025-11-15 16:15:00-06:00,2025-11-15 16:03:06-06:00,E. Spencer Kyte,
/news/sean-brady-grindin-vechain-ufc-322,Athletes,3 weeks ago,Sean Brady | Grindin’,Sean Brady | Grindin’,Surging Welterweight Willing To Do Whatever It Takes To Earn Title Shot,2025-11-14 12:00:00-06:00,2025-11-14 12:06:39-06:00,E. Spencer Kyte,
/news/carlos-prates-plans-to-gatecrash-the-welterweight-title-party-vechain-ufc-322,Athletes,3 weeks ago,Carlos Prates Plans To Gatecrash The Welterweight…,Carlos Prates Plans To Gatecrash The Welterweight Title Party,Brazilian Welterweight Contender Says Victory Over Former Champion Leon Edwards Will Put Him In Line For A 2026 Title Shot.,2025-11-14 08:00:00-06:00,2025-11-14 13:44:00-06:00,By Simon Head,simonheadsport
/news/tracy-cortez-my-time-is-now-vechain-ufc-322,Athletes,3 weeks ago,Tracy Cortez | My Time Is Now,Tracy Cortez | My Time Is Now,"Having Battled Her Way Into The Flyweight Top 10, Tracy Cortez Eyes A Statement Win At Madison Square Garden To Prove She’s Ready For A Title Shot.",2025-11-13 16:00:00-06:00,2025-11-13 16:21:11-06:00,Simon Head,simonheadsport
/news/valentina-shevchenko-an-entirely-different-approach-vechain-ufc-322,Athletes,3 weeks ago,Valentina Shevchenko | An Entirely Different Approach,Valentina Shevchenko | An Entirely Different Approach,Flyweight Queen Shares Outlook On Life Ahead Of Potential Legacy-Altering Clash At MSG,2025-11-13 15:44:00-06:00,2025-11-13 15:44:55-06:00,E. Spencer Kyte,spencerkyte
/news/kyle-daukaus-seconds-vechain-ufc-322,Athletes,3 weeks ago,Kyle Daukaus | Seconds,Kyle Daukaus | Seconds,"His Second Child On The Way, Philly Middleweight In Second UFC Stint Aims For Second Straight Win On Saturday",2025-11-13 13:12:00-06:00,2025-11-13 13:12:36-06:00,E. Spencer Kyte,spencerkyte
/news/jack-della-maddalena-the-grateful-underdog-vechain-ufc-322,Athletes,3 weeks ago,Jack Della Maddalena | The Grateful Underdog,Jack Della Maddalena | The Grateful Underdog,"Welterweight Champ Understands Focus On Challenger, Appreciative Of Opportunity Before Him This Weekend",2025-11-13 12:25:16-06:00,2025-11-13 15:27:05-06:00,E. Spencer Kyte,spencerkyte
/news/michael-morales-championship-ready-vechain-ufc-322,Athletes,3 weeks ago,Michael Morales | Championship Ready,Michael Morales | Championship Ready,"Undefeated Contender Has A Simple Plan For VeChain UFC 322: Defeat Sean Brady, Then Call For A Shot At The Welterweight Title.",2025-11-13 12:05:00-06:00,2025-11-13 12:05:24-06:00,Simon Head,simonheadsport
/news/gregory-rodrigues-discipline-over-everything-vechain-ufc-322,Athletes,3 weeks ago,Gregory Rodrigues | Discipline Over Everything,Gregory Rodrigues | Discipline Over Everything,Brazilian Middleweight Gregory Rodrigues Focused On Consistency And Patience Ahead Of His Fight With Roman Kopylov At VeChain UFC 322,2025-11-13 10:00:00-06:00,2025-11-13 12:58:13-06:00,Zac Pacleb,
/news/erin-blanchfield-wants-to-make-the-most-of-her-chances-vechain-ufc-322,Athletes,3 weeks ago,Erin Blanchfield Wants To Make The Most Of Her…,Erin Blanchfield Wants To Make The Most Of Her Chances,"Ahead Of A Rematch With Tracy Cortez, Flyweight Phenom Erin Blanchfield Hopes To Earn A Shot At The Title With Her Performance At VeChain UFC 322 ",2025-11-12 16:45:00-06:00,2025-11-12 16:45:15-06:00,Zac Pacleb,ZacPacleb
/news/zhang-weili-big-challenge-apple-vechain-ufc-322,Athletes,3 weeks ago,Zhang Weili's Big Challenge In The Big Apple,Zhang Weili's Big Challenge In The Big Apple,"Zhang Weili Ruled The World At 115-lbs, But Now The Chinese MMA Superstar Is Moving Up To Flyweight To Take On The Biggest Test Of Her Career At VeChain UFC 322",2025-11-12 12:45:22-06:00,2025-11-12 14:03:16-06:00,Simon Head,simonheadsport
/news/leon-edwards-ready-steady-go-vechain-ufc-322,Athletes,3 weeks ago,"Leon Edwards | Ready, Steady, Go","Leon Edwards | Ready, Steady, Go",Former Welterweight Champion Plans To Bounce Back Into Contention At Madison Square Garden As He Reveals His Route To 2-Time Title Glory in 2026,2025-11-12 12:10:16-06:00,2025-11-12 12:22:32-06:00,Simon Head,simonheadsport
/news/islam-makhachev-and-zhang-weili-chasing-new-heights-vechain-ufc-322,Athletes,3 weeks ago,Islam Makhachev And Zhang Weili | Chasing New Heights,Islam Makhachev And Zhang Weili | Chasing New Heights,Former Champions Vacate Titles To Challenge For A Second Belt In A New Weight Division At VeChain UFC 322,2025-11-12 12:00:00-06:00,2025-11-12 12:37:25-06:00,Kevin Schuster,
/news/malcolm-wellmaker-the-genuine-article-vechain-ufc-322,Athletes,3 weeks ago,Malcolm Wellmaker | The Genuine Article,Malcolm Wellmaker | The Genuine Article,Talented Bantamweight Rookie Making An Impact At Home And Inside The Octagon,2025-11-12 11:53:58-06:00,2025-11-12 12:09:54-06:00,E. Spencer Kyte,spencerkyte
/news/islam-makhachev-new-talent-same-energy-vechain-ufc-322,Athletes,3 weeks ago,"Islam Makhachev | Same Talent, New Energy","Islam Makhachev | Same Talent, New Energy",Former Lightweight Champ Playful Ahead Of Welterweight Title Fight At MSG,2025-11-12 00:22:23-06:00,2025-11-11 21:56:31-06:00,,
/news/coach-conversation-vechain-ufc-322-della-maddalena-vs-makhachev,Fight Coverage,3 weeks ago,Coach Conversation | VeChain UFC 322: Della…,Coach Conversation | VeChain UFC 322: Della Maddalena vs Makhachev,Standout Striking Coach Eric Nicksick Helps Break Down Saturday’s Welterweight Title Fight,2025-11-11 14:26:00-06:00,2025-11-13 15:45:06-06:00,E. Spencer Kyte,spencerkyte
/news/ufc-welterweight-division-enters-pivotal-2-week-stretch-della-maddalena-makhachev-brady-morales-prates-edwards-muhammad-machado-garry,Fight Coverage,3 weeks ago,UFC Welterweight Division Enters Pivotal 2-Week…,UFC Welterweight Division Enters Pivotal 2-Week Stretch,Top Contenders And Reigning Champion Enter High-Stakes Matchups That Could Reshape The 170-Pound Division,2025-11-11 13:27:00-06:00,2025-11-11 14:40:36-06:00,Kevin Schuster,
/news/fighters-on-rise-nyc-vechain-ufc-322,Athletes,3 weeks ago,Fighters On The Rise | VeChain UFC 322: Della…,Fighters On The Rise | VeChain UFC 322: Della Maddalena vs Makhachev,Pay Close Attention To These Three Emerging Talents On Saturday Night At MSG,2025-11-11 09:26:04-06:00,2025-11-11 09:45:40-06:00,E. Spencer Kyte,
/news/cody-haddon-allow-me-to-re-introduce-myself-ufc-322,Athletes,3 weeks ago,Cody Haddon | Allow Me to Re-Introduce Myself,Cody Haddon | Allow Me to Re-Introduce Myself,"Australian Talks Frustrating Year Filled With Doubts, Facing Malcolm Wellmaker On Saturday",2025-11-10 12:01:28-06:00,2025-11-11 12:14:48-06:00,E. Spencer Kyte,spencerkyte
/news/coach-conversation-ufc-322-valentina-shevchenko-vs-zhang-weili,Fight Coverage,3 weeks ago,Coach Conversation | VeChain UFC 322: Shevchenko vs…,Coach Conversation | VeChain UFC 322: Shevchenko vs Zhang,Tyson Chartier Breaks Down The Flyweight Title Fight Between Valentina Shevchenko And Zhang Weili,2025-11-10 08:21:59-06:00,2025-11-10 14:49:30-06:00,E. Spencer Kyte,spencerkyte
/news/fatima-kline-wants-keep-making-memories-ufc-322-new-york-city,Athletes,3 weeks ago,Fatima Kline Wants to Keep Making Memories,Fatima Kline Wants to Keep Making Memories,"Native New Yorker Discusses Fighting At MSG, Facing Angela Hill At VeChain UFC 322",2025-11-10 08:01:08-06:00,2025-11-10 11:42:50-06:00,E. Spencer Kyte,spencerkyte
/news/scorecard-ufc-fight-night-bonfim-vs-brown,Athletes,3 weeks ago,The Scorecard | UFC Fight Night: Bonfim vs Brown,The Scorecard | UFC Fight Night: Bonfim vs Brown,Saturday night’s main card produced action aplenty as the five featured fights produced a fistful of finishes at the UFC Apex.,2025-11-09 17:59:20-06:00,2025-11-09 18:24:53-06:00,Simon Head,simonheadsport
/news/ufc-fight-night-bonfim-vs-brown-main-card-results-highlights-recaps-winners-interviews,Results,3 weeks ago,Main Card Results | UFC Fight Night: Bonfim vs Brown,Main Card Results | UFC Fight Night: Bonfim vs Brown,"Get Live Results, Watch Post-Fight Interviews With The Main Card Winners And More From UFC Fight Night: Bonfim vs Brown, Live From UFC APEX In Las Vegas, Nevada On November 8, 2025",2025-11-08 18:00:00-06:00,2025-11-08 21:14:31-06:00,E. Spencer Kyte,SpencerKyte
/news/ufc-fight-night-bonfim-vs-brown-prelim-results-highlights-recaps-winners-interviews,Results,3 weeks ago,Prelim Results | UFC Fight Night: Bonfim vs Brown,Prelim Results | UFC Fight Night: Bonfim vs Brown,"Get Live Results, Watch Post-Fight Interviews With The Prelim Winners And More From UFC Fight Night: Bonfim vs Brown, Live From UFC APEX In Las Vegas, Nevada On November 8, 2025",2025-11-08 15:00:00-06:00,2025-11-10 13:22:18-06:00,E. Spencer Kyte,SpencerKyte
/news/ricky-simon-the-rebound-year-ufc-fight-night-bonfim-vs-brown,Athletes,4 weeks ago,Ricky Simon | The Rebound Year,Ricky Simon | The Rebound Year,Bantamweight Staple Looks To Wrap Up 2025 With A Third Straight Victory On Saturday,2025-11-07 10:25:04-06:00,2025-11-07 12:46:46-06:00,E. Spencer Kyte,spencerkyte
/news/jacqueline-cavalcanti-dark-horse-ufc-vegas-111,Athletes,4 weeks ago,Jacqueline Cavalcanti | Bantamweight’s Dedicated…,Jacqueline Cavalcanti | Bantamweight’s Dedicated Dark Horse,Ascending Portuguese Fighter Details Her Version Of Las Vegas Ahead Of Home Game On Saturday,2025-11-07 10:09:46-06:00,2025-11-07 10:26:41-06:00,E. Spencer Kyte,
/news/mayra-bueno-silva-confident-in-the-face-of-adversity-ufc-fight-night-bonfim-vs-brown,Athletes,4 weeks ago,Mayra Bueno Silva | Confident In The Face Of…,Mayra Bueno Silva | Confident In The Face Of Adversity,Former Title Challenger Plans To Snap Her Winless Streak And Prove She Still Belongs Among The Bantamweight Elite,2025-11-07 10:00:00-06:00,2025-11-07 12:51:13-06:00,Simon Head,simonheadsport
/news/gabriel-bonfim-leveled-up-legend-ufc-vegas-111,Athletes,4 weeks ago,Gabriel Bonfim | Leveled Up By A Legend,Gabriel Bonfim | Leveled Up By A Legend,"Brazilian Welterweight Contender Is Still Growing, And Still Learning As A Fighter, As He Makes His Way Up The 170-Pound Division",2025-11-06 18:39:27-06:00,2025-11-06 19:05:11-06:00,Simon Head,simonheadsport
/news/chris-padilla-blocking-out-the-noise-ufc-fight-night-bonfim-vs-brown,Athletes,4 weeks ago,Chris Padilla | Blocking Out The Noise,Chris Padilla | Blocking Out The Noise,Lightweight Prospect Looks To Secure His Fourth Win Inside The Octagon When He Faces Ismael Bonfim In Las Vegas,2025-11-06 17:30:00-06:00,2025-11-06 17:35:33-06:00,Maddyn Johnstone,
/news/matt-schnell-honest-excited-and-dangerous-ufc-fight-night-bonfim-vs-brown,Athletes,4 weeks ago,"Matt Schnell | Honest, Excited, And Dangerous","Matt Schnell | Honest, Excited, And Dangerous","Veteran Flyweight Discusses Retirement, Return, Facing Joseph Morales On Saturday",2025-11-06 17:14:00-06:00,2025-11-06 17:41:09-06:00,E. Spencer Kyte,spencerkyte
/news/tecia-pennington-crossroad-ufc-fight-night-bonfim-vs-brown,Athletes,4 weeks ago,Tecia Pennington | At A Crossroad,Tecia Pennington | At A Crossroad,"Rankings Mainstay Talks Motherhood, Fighting More Often, And Family",2025-11-06 16:50:19-06:00,2025-11-06 17:42:01-06:00,E. Spencer Kyte,spencerkyte
/news/uros-medic-back-track-ufc-fight-night-bonfim-vs-brown,Athletes,4 weeks ago,Uroš Medić Is Back On Track,Uroš Medić Is Back On Track,"Serbian Striker Has His Sights Set On The Welterweight Top 15, And Says A Win Over Muslim Salikhov Will Get Him Exactly Where He Wants To Be",2025-11-06 13:11:39-06:00,2025-11-06 16:41:33-06:00,Simon Head,simonheadsport
/news/randy-brown-something-bigger-ufc-fight-night-vegas-111,Athletes,4 weeks ago,Randy Brown | Something Bigger,Randy Brown | Something Bigger,"Veteran Talks Main Event Assignment, Providing Aid To Jamaica After Hurricane Melissa",2025-11-06 10:50:18-06:00,2025-11-06 10:34:28-06:00,E. Spencer Kyte,
/news/joseph-morales-all-way-back-ufc-vegas-111-flyweight,Athletes,1 month ago,Joseph Morales | All The Way Back,Joseph Morales | All The Way Back,"Recent TUF Winner Discusses Return To UFC Roster, Approach Going Forward",2025-11-05 17:10:08-06:00,2025-11-05 17:28:29-06:00,E. Spencer Kyte,spencerkyte
/news/malcolm-wellmaker-built-ground-bantamweight-ufc-322,Athletes,1 month ago,Malcolm Wellmaker | Built From The Ground Up,Malcolm Wellmaker | Built From The Ground Up,How a Rising Bantamweight Star Turned a Distant Dream Into Life-Changing Reality,2025-11-05 11:27:38-06:00,2025-11-13 20:41:45-06:00,Kevin Schuster,
/news/christian-leroy-duncan-settled-and-starting-flourish-ufc-vegas-111,Athletes,1 month ago,Christian Leroy Duncan | Settled In And Starting To…,Christian Leroy Duncan | Settled In And Starting To Flourish,British Middleweight Talks Learning On The Job Ahead Of Third Appearance Of 2025,2025-11-05 11:13:53-06:00,2025-11-05 13:14:04-06:00,E. Spencer Kyte,spencerkyte
/news/adrian-yanez-reloaded-ufc-vegas-111,Athletes,2 days ago,Adrian Yanez | Reloaded,Adrian Yanez | Reloaded,"After Nearly A Year Away, Bantamweight Standout Excited To Return To Action",2025-11-04 16:36:00-06:00,2025-11-06 10:57:10-06:00,E. Spencer Kyte,spencerkyte
/news/fighters-on-the-rise-ufc-fight-night-bonfim-vs-brown-morales-tulio-cavalcanti,Athletes,1 month ago,Fighters On The Rise | UFC Fight Night: Bonfim vs…,Fighters On The Rise | UFC Fight Night: Bonfim vs Brown,Highlighting Three Ascending Talents Set To Compete This Weekend In Las Vegas,2025-11-03 14:04:30-06:00,2025-11-04 12:28:42-06:00,E. Spencer Kyte,spencerkyte
/news/fight-fight-preview-ufc-fight-night-bonfim-vs-brown-vegas-111,Fight Coverage,1 month ago,UFC Tonight: Fight By Fight Preview | UFC Fight…,UFC Tonight: Fight By Fight Preview | UFC Fight Night: Bonfim vs Brown,Detailing What’s On Tap And What’s At Stake At The UFC APEX On Saturday,2025-11-03 12:16:47-06:00,2025-11-08 10:44:53-06:00,E. Spencer Kyte,spencerkyte
/news/scorecard-ufc-fight-night-garcia-vs-onama,Fight Coverage,1 month ago,The Scorecard | UFC Fight Night: Garcia vs Onama,The Scorecard | UFC Fight Night: Garcia vs Onama,"Take A Look At The Biggest Winners From UFC Fight Night: Garcia vs Onama, From UFC APEX In Las Vegas, USA, On November 1, 2025",2025-11-02 15:16:21-06:00,2025-11-02 15:35:02-06:00,Simon Head,simonheadsport
/news/ufc-fight-night-garcia-vs-onama-main-card-results-highlights-recaps-winners-interviews,Results,1 month ago,Main Card Results | UFC Fight Night: Garcia vs Onama,Main Card Results | UFC Fight Night: Garcia vs Onama,"Get Live Results, Watch Post-Fight Interviews With The Main Card Winners And More From UFC Fight Night: Garcia vs Onama, Live From UFC Apex In Las Vegas, Nevada On November 1, 2025",2025-11-01 21:45:00-05:00,2025-11-03 12:47:48-06:00,,
/news/ufc-fight-night-garcia-vs-onama-prelim-results-highlights-recaps-winners-interviews,Results,1 month ago,Prelim Results | UFC Fight Night: Garcia vs Onama,Prelim Results | UFC Fight Night: Garcia vs Onama,"Get Live Results, Watch Post-Fight Interviews With The Prelim Winners And More From UFC Fight Night: Garcia vs Onama, Live From UFC Apex In Las Vegas, Nevada On November 1, 2025",2025-11-01 18:22:00-05:00,2025-11-01 20:51:04-05:00,E. Spencer Kyte,SpencerKyte
/news/fight-by-fight-preview-ufc-fight-night-garcia-vs-onama,Fight Coverage,1 month ago,UFC Tonight: Fight By Fight Preview | UFC Fight…,UFC Tonight: Fight By Fight Preview | UFC Fight Night: Garcia vs Onama,Diving Into The Matchups Set To Hit The Octagon On Saturday,2025-11-01 11:00:00-05:00,2025-11-01 11:17:58-05:00,E. Spencer Kyte,SpencerKyte
/news/yadier-del-valle-no-fear-ufc-vegas-110,Athletes,1 month ago,Yadier del Valle | No Fear,Yadier del Valle | No Fear,Undefeated Featherweight Exudes Confidence Ahead Of Sophomore Appearance,2025-10-31 14:54:00-05:00,2025-10-31 14:55:24-05:00,E. Spencer Kyte,spencerkyte
/news/themba-gorimbo-welcome-to-the-mamba-show-ufc-vegas-110,Athletes,1 month ago,Themba Gorimbo: ‘Welcome To The Mamba Show’,Themba Gorimbo: ‘Welcome To The Mamba Show’,"Ahead Of His First Fight Of 2025, Themba Gorimbo Is Focused On Himself And His Own Performance At UFC Fight Night: Garcia vs Onama",2025-10-31 08:00:00-05:00,2025-10-31 08:00:00-05:00,Zac Pacleb,ZacPacleb
/news/the-tao-of-allan-nascimento-ufc-vegas-110,Athletes,1 month ago,The Tao Of Allan Nascimento,The Tao Of Allan Nascimento,Brazilian Flyweight Shares His Thoughtful Outlook On Navigating Life In The Fight Game,2025-10-30 18:00:00-05:00,2025-10-31 19:25:35-05:00,E. Spencer Kyte,spencerkyte
/news/phil-rowe-tired-of-fighting-himself-ufc-vegas-110,Athletes,1 month ago,Phil Rowe | Tired of Fighting Himself,Phil Rowe | Tired of Fighting Himself,Welterweight Addresses Personal Frustrations With His Efforts Ahead Of Return To Action,2025-10-30 15:41:46-05:00,2025-10-30 16:04:05-05:00,E. Spencer Kyte,spencerkyte
/news/waldo-cortes-acosta-be-more-waldo-ufc-vegas-110,Athletes,1 month ago,Waldo Cortes Acosta | Be More Waldo,Waldo Cortes Acosta | Be More Waldo,Top-10 Heavyweight Contender Has A Simple Plan To Help Push Himself Into Championship Contention – Just Be Himself.,2025-10-30 12:53:57-05:00,2025-10-30 13:01:02-05:00,Simon Head,simonheadsport
/news/alice-ardelean-is-planning-her-big-move-ufc-vegas-110,Athletes,1 month ago,Alice Ardelean Is Planning Her Big Move,Alice Ardelean Is Planning Her Big Move,"With Ambitions Of Progressing Up The Strawweight Ladder And A Future Life In The United States, Alice Ardelean Has A Lot On Her To-do List Heading Into 2026.",2025-10-30 12:47:34-05:00,2025-10-30 12:53:39-05:00,Simon Head,simonheadsport
/news/ante-delija-making-waves,Athletes,1 month ago,Ante Delija | Making Waves,Ante Delija | Making Waves,"Heavyweight Newcomer Talks Impressive Debut, Training With Aspinall",2025-10-30 12:44:00-05:00,2025-10-30 12:47:13-05:00,E. Spencer Kyte,spencerkyte
/news/ketlen-vieira-ready-claim-title-ufc-vegas-110,Athletes,1 month ago,Ketlen Vieira Is Ready To Claim Her Title Shot,Ketlen Vieira Is Ready To Claim Her Title Shot,Longtime Women's Bantamweight Contender Plans To Earn Her First UFC Title Shot With Victory Over Fellow Contender Norma Dumont,2025-10-30 10:00:06-05:00,2025-10-30 10:59:03-05:00,Simon Head,simonheadsport
/news/norma-dumont-done-waiting-around-ufc-fight-night-garcia-vs-onama,Athletes,1 month ago,Norma Dumont Is Done Waiting Around,Norma Dumont Is Done Waiting Around,"Brazilian Contender Excited To Fight, Ready To Prove She’s The Best In The Division",2025-10-29 15:29:04-05:00,2025-10-29 17:43:25-05:00,E. Spencer Kyte,spencerkyte
/news/david-onama-excited-but-also-expected-vegas-110,Athletes,1 month ago,"David Onama | Excited, But Also Expected","David Onama | Excited, But Also Expected","First-Time Headliner Discusses Saturday’s Main Event, Future Ambitions",2025-10-29 14:43:00-05:00,2025-10-29 14:45:39-05:00,E. Spencer Kyte,spencerkyte
/news/donte-johnson-clocking-in-ufc-vegas-110,Athletes,1 month ago,Donte Johnson | Clocking In,Donte Johnson | Clocking In,"Dana White’s Contender Series Grad Talks Rapid Rise, UFC Debut",2025-10-29 12:05:00-05:00,2025-10-29 12:11:10-05:00,E. Spencer Kyte,spencerkyte
/news/10-get-ready-for-a-november-to-remember-inside-octagon-ufc,Athletes,1 month ago,The 10 | Get Ready For A November To Remember Inside…,The 10 | Get Ready For A November To Remember Inside The Octagon,"Coming Month Offers Heaps Of High-Level Matchups, Plus Two Championship Superfights",2025-10-29 11:54:58-05:00,2025-10-29 16:03:43-05:00,E. Spencer Kyte,spencerkyte
/news/fighters-rise-ufc-fight-night-garcia-vs-onama-delija-nascimento-dumont,Athletes,1 month ago,Fighters On The Rise | UFC Fight Night: Garcia vs…,Fighters On The Rise | UFC Fight Night: Garcia vs Onama,Highlighting Three Athletes On The Come-Up Heading Into This Weekend’s Festivities,2025-10-28 12:22:34-05:00,2025-10-29 17:06:21-05:00,E. Spencer Kyte,
/news/steve-garcia-real-recognizes-real-ufc-fight-night-vegas-110,Athletes,1 month ago,Steve Garcia | Real Recognizes Real,Steve Garcia | Real Recognizes Real,Streaking Featherweight Continues Quiet March Forward With First Main Event Assignment,2025-10-28 10:48:44-05:00,2025-10-29 15:21:57-05:00,E. Spencer Kyte,
/news/monthly-report-october-2025-ufc-jourdain-oliveira-salkilld-dober,Athletes,1 month ago,Monthly Report | October 2025,Monthly Report | October 2025,Highlighting Standout Performances From Inside The Octagon Over The Past Month,2025-10-27 12:58:34-05:00,2025-10-27 14:54:40-05:00,E. Spencer Kyte,spencerkyte
/news/bigger-picture-ufc-321-aspinall-vs-gane,Fight Coverage,1 month ago,The Bigger Picture | UFC 321: Aspinall vs Gane,The Bigger Picture | UFC 321: Aspinall vs Gane,"An Entertaining Night Ended In A Manner No One Wanted, So What Now?",2025-10-27 10:40:45-05:00,2025-10-27 11:11:05-05:00,E. Spencer Kyte,
/news/ufc-321-aspinall-vs-gane-event-tonight-main-card-live-results-recaps-highlights-interviews-abu-dhabi,Results,1 month ago,Main Card Results | UFC 321: Aspinall vs Gane,Main Card Results | UFC 321: Aspinall vs Gane,"Get Live Results, Watch Post-Fight Interviews With The Main Card Winners And More From UFC 321: Aspinall vs Gane, Live From Etihad Arena In Abu Dhabi On October 25, 2025",2025-10-25 17:03:00-05:00,2025-10-27 10:53:20-05:00,E. Spencer Kyte,SpencerKyte
